"0000","長野県","松本市",""
"7402","長野県","松本市","会田"
"7415","長野県","松本市","赤怒田"
"7403","長野県","松本市","穴沢"
"0007","長野県","松本市","石芝"
"7405","長野県","松本市","板場"
"0004","長野県","松本市","市場"
"0023","長野県","松本市","内田"
"7413","長野県","松本市","金山町"
"7417","長野県","松本市","刈谷原町"
"7401","長野県","松本市","五常"
"0024","長野県","松本市","寿小赤"
"0012","長野県","松本市","寿白瀬渕"
"0025","長野県","松本市","寿台"
"0021","長野県","松本市","寿豊丘"
"0011","長野県","松本市","寿北"
"0026","長野県","松本市","寿中"
"0027","長野県","松本市","寿南"
"0039","長野県","松本市","小屋北"
"0038","長野県","松本市","小屋南"
"0033","長野県","松本市","笹賀"
"8251","長野県","松本市","島内"
"7418","長野県","松本市","反町"
"7414","長野県","松本市","殿野入"
"7404","長野県","松本市","取出"
"7411","長野県","松本市","中川"
"7416","長野県","松本市","七嵐"
"0006","長野県","松本市","野溝西"
"0034","長野県","松本市","野溝東"
"0005","長野県","松本市","野溝木工"
"0014","長野県","松本市","平田東"
"0015","長野県","松本市","平田西"
"7412","長野県","松本市","保福寺町"
"0022","長野県","松本市","松原"
"0001","長野県","松本市","宮田"
"0035","長野県","松本市","村井町北"
"0037","長野県","松本市","村井町西"
"0036","長野県","松本市","村井町南"
"0002","長野県","松本市","芳野"
"2434","長野県","飯田市","伊豆木"
"2564","長野県","飯田市","上川路"
"2611","長野県","飯田市","上久堅"
"2612","長野県","飯田市","上久堅戊"
"1403","長野県","飯田市","上村"
"2431","長野県","飯田市","川路"
"2565","長野県","飯田市","桐林"
"2566","長野県","飯田市","嶋"
"2432","長野県","飯田市","下瀬"
"2606","長野県","飯田市","下久堅稲葉"
"2604","長野県","飯田市","下久堅柿野沢"
"2605","長野県","飯田市","下久堅小林"
"2602","長野県","飯田市","下久堅下虎岩"
"2603","長野県","飯田市","下久堅知久平"
"2607","長野県","飯田市","下久堅南原"
"2561","長野県","飯田市","駄科"
"2221","長野県","飯田市","龍江"
"2433","長野県","飯田市","立石"
"2223","長野県","飯田市","千栄"
"2222","長野県","飯田市","千代"
"2563","長野県","飯田市","時又"
"2601","長野県","飯田市","虎岩"
"2562","長野県","飯田市","長野原"
"1401","長野県","飯田市","南信濃木沢"
"1221","長野県","飯田市","南信濃南和田"
"1221","長野県","飯田市","南信濃南和田万古"
"1313","長野県","飯田市","南信濃南和田"
"1312","長野県","飯田市","南信濃八重河内"
"1311","長野県","飯田市","南信濃和田"
"4431","長野県","伊那市","西春近"
"4432","長野県","伊那市","東春近"
"4100","長野県","駒ヶ根市",""
"4113","長野県","駒ヶ根市","赤須町"
"4105","長野県","駒ヶ根市","赤須東"
"4117","長野県","駒ヶ根市","赤穂"
"4102","長野県","駒ヶ根市","飯坂"
"4115","長野県","駒ヶ根市","上穂栄町"
"4114","長野県","駒ヶ根市","上穂南"
"4116","長野県","駒ヶ根市","上穂北"
"4111","長野県","駒ヶ根市","北町"
"4104","長野県","駒ヶ根市","経塚"
"4108","長野県","駒ヶ根市","下市場"
"4232","長野県","駒ヶ根市","下平"
"4101","長野県","駒ヶ根市","下平"
"4112","長野県","駒ヶ根市","中央"
"4231","長野県","駒ヶ根市","中沢"
"4103","長野県","駒ヶ根市","梨の木"
"4321","長野県","駒ヶ根市","東伊那"
"4106","長野県","駒ヶ根市","東町"
"4107","長野県","駒ヶ根市","南田"
"9101","長野県","大町市","美麻"
"7301","長野県","大町市","八坂"
"7302","長野県","大町市","八坂菖蒲"
"0700","長野県","塩尻市",""
"0713","長野県","塩尻市","大小屋"
"0722","長野県","塩尻市","柿沢"
"0071","長野県","塩尻市","片丘"
"0711","長野県","塩尻市","片丘"
"0721","長野県","塩尻市","金井"
"0724","長野県","塩尻市","上西条"
"6302","長野県","塩尻市","木曽平沢"
"0651","長野県","塩尻市","北小野"
"0723","長野県","塩尻市","旧塩尻"
"0716","長野県","塩尻市","桟敷"
"0712","長野県","塩尻市","塩尻町"
"0726","長野県","塩尻市","下西条"
"6462","長野県","塩尻市","洗馬"
"6461","長野県","塩尻市","宗賀"
"0744","長野県","塩尻市","大門七区"
"0742","長野県","塩尻市","大門泉町"
"0745","長野県","塩尻市","大門桔梗町"
"0741","長野県","塩尻市","大門幸町"
"0743","長野県","塩尻市","大門田川町"
"0746","長野県","塩尻市","大門並木町"
"0736","長野県","塩尻市","大門一番町"
"0735","長野県","塩尻市","大門二番町"
"0733","長野県","塩尻市","大門三番町"
"0734","長野県","塩尻市","大門四番町"
"0732","長野県","塩尻市","大門五番町"
"0731","長野県","塩尻市","大門六番町"
"0738","長野県","塩尻市","大門七番町"
"0737","長野県","塩尻市","大門八番町"
"0744","長野県","塩尻市","大門"
"0725","長野県","塩尻市","中西条"
"0715","長野県","塩尻市","長畝"
"6303","長野県","塩尻市","奈良井"
"6301","長野県","塩尻市","贄川"
"0705","長野県","塩尻市","広丘堅石"
"0704","長野県","塩尻市","広丘郷原"
"0703","長野県","塩尻市","広丘高出"
"0702","長野県","塩尻市","広丘野村"
"0706","長野県","塩尻市","広丘原新田"
"0701","長野県","塩尻市","広丘吉田"
"0714","長野県","塩尻市","堀ノ内"
"0727","長野県","塩尻市","みどり湖"
"0728","長野県","塩尻市","峰原"
"8200","長野県","安曇野市",""
"7102","長野県","安曇野市","明科中川手"
"7104","長野県","安曇野市","明科七貴"
"7101","長野県","安曇野市","明科東川手"
"7103","長野県","安曇野市","明科光"
"7105","長野県","安曇野市","明科南陸郷"
"8205","長野県","安曇野市","豊科"
"8204","長野県","安曇野市","豊科高家"
"8203","長野県","安曇野市","豊科田沢"
"8202","長野県","安曇野市","豊科光"
"8201","長野県","安曇野市","豊科南穂高"
"8303","長野県","安曇野市","穂高"
"8301","長野県","安曇野市","穂高有明"
"8304","長野県","安曇野市","穂高柏原"
"8302","長野県","安曇野市","穂高北穂高"
"8305","長野県","安曇野市","穂高牧"
"8211","長野県","安曇野市","堀金烏川"
"8212","長野県","安曇野市","堀金三田"
"8103","長野県","安曇野市","三郷小倉"
"8101","長野県","安曇野市","三郷明盛"
"8102","長野県","安曇野市","三郷温"
"0200","長野県","諏訪郡富士見町",""
"0102","長野県","諏訪郡富士見町","落合"
"0214","長野県","諏訪郡富士見町","落合"
"0213","長野県","諏訪郡富士見町","乙事"
"0101","長野県","諏訪郡富士見町","境"
"0212","長野県","諏訪郡富士見町","立沢"
"0211","長野県","諏訪郡富士見町","富士見"
"0400","長野県","上伊那郡辰野町",""
"0424","長野県","上伊那郡辰野町","赤羽"
"0428","長野県","上伊那郡辰野町","伊那富"
"0601","長野県","上伊那郡辰野町","小野"
"0512","長野県","上伊那郡辰野町","上島"
"0423","長野県","上伊那郡辰野町","沢底"
"0421","長野県","上伊那郡辰野町","辰野"
"0427","長野県","上伊那郡辰野町","中央"
"0425","長野県","上伊那郡辰野町","樋口"
"0422","長野県","上伊那郡辰野町","平出"
"0426","長野県","上伊那郡辰野町","宮木"
"0511","長野県","上伊那郡辰野町","横川"
"4600","長野県","上伊那郡箕輪町",""
"4605","長野県","上伊那郡箕輪町","中曽根"
"4601","長野県","上伊那郡箕輪町","中箕輪"
"4602","長野県","上伊那郡箕輪町","東箕輪"
"4604","長野県","上伊那郡箕輪町","福与"
"4603","長野県","上伊那郡箕輪町","三日町"
"3700","長野県","上伊那郡飯島町",""
"3702","長野県","上伊那郡飯島町","飯島"
"3701","長野県","上伊那郡飯島町","田切"
"3705","長野県","上伊那郡飯島町","七久保"
"3703","長野県","上伊那郡飯島町","日曽利"
"3704","長野県","上伊那郡飯島町","本郷"
"4511","長野県","上伊那郡南箕輪村",""
"3800","長野県","上伊那郡中川村",""
"3801","長野県","上伊那郡中川村","大草"
"3802","長野県","上伊那郡中川村","片桐"
"3803","長野県","上伊那郡中川村","葛島"
"3804","長野県","上伊那郡中川村","四徳"
"4301","長野県","上伊那郡宮田村",""
"3300","長野県","下伊那郡松川町",""
"3302","長野県","下伊那郡松川町","生田"
"3304","長野県","下伊那郡松川町","大島"
"3301","長野県","下伊那郡松川町","上片桐"
"3303","長野県","下伊那郡松川町","元大島"
"3100","長野県","下伊那郡高森町",""
"3107","長野県","下伊那郡高森町","出原"
"3105","長野県","下伊那郡高森町","牛牧"
"3106","長野県","下伊那郡高森町","大島山"
"3104","長野県","下伊那郡高森町","上市田"
"3103","長野県","下伊那郡高森町","下市田"
"3101","長野県","下伊那郡高森町","山吹"
"3102","長野県","下伊那郡高森町","吉田"
"1500","長野県","下伊那郡阿南町",""
"1501","長野県","下伊那郡阿南町","北條"
"1505","長野県","下伊那郡阿南町","富草"
"1612","長野県","下伊那郡阿南町","新野"
"1504","長野県","下伊那郡阿南町","西條"
"1502","長野県","下伊那郡阿南町","東條"
"1503","長野県","下伊那郡阿南町","南條"
"1611","長野県","下伊那郡阿南町","和合"
"2100","長野県","下伊那郡下條村",""
"2102","長野県","下伊那郡下條村","陽皐"
"2101","長野県","下伊那郡下條村","睦沢"
"1601","長野県","下伊那郡売木村",""
"1200","長野県","下伊那郡天龍村",""
"1202","長野県","下伊那郡天龍村","神原"
"1203","長野県","下伊那郡天龍村","長島"
"1201","長野県","下伊那郡天龍村","平岡"
"1801","長野県","下伊那郡泰阜村",""
"3200","長野県","下伊那郡豊丘村",""
"3311","長野県","下伊那郡豊丘村","河野"
"3201","長野県","下伊那郡豊丘村","河野"
"3202","長野県","下伊那郡豊丘村","神稲"
"3500","長野県","下伊那郡大鹿村",""
"3502","長野県","下伊那郡大鹿村","大河原"
"3501","長野県","下伊那郡大鹿村","鹿塩"
"5600","長野県","木曽郡上松町",""
"5601","長野県","木曽郡上松町","上松"
"5609","長野県","木曽郡上松町","旭町"
"5603","長野県","木曽郡上松町","駅前通り"
"5607","長野県","木曽郡上松町","小川"
"5608","長野県","木曽郡上松町","荻原"
"5605","長野県","木曽郡上松町","栄町"
"5604","長野県","木曽郡上松町","正島町"
"5602","長野県","木曽郡上松町","本町通り"
"5606","長野県","木曽郡上松町","緑町"
"5300","長野県","木曽郡南木曽町",""
"5302","長野県","木曽郡南木曽町","吾妻"
"5303","長野県","木曽郡南木曽町","田立"
"5301","長野県","木曽郡南木曽町","読書"
"6200","長野県","木曽郡木祖村",""
"6203","長野県","木曽郡木祖村","小木曽"
"6202","長野県","木曽郡木祖村","菅"
"6201","長野県","木曽郡木祖村","薮原"
"5500","長野県","木曽郡大桑村",""
"5502","長野県","木曽郡大桑村","須原"
"5501","長野県","木曽郡大桑村","殿"
"5503","長野県","木曽郡大桑村","長野"
"5504","長野県","木曽郡大桑村","野尻"
"6101","長野県","木曽郡木曽町","日義"
"7700","長野県","東筑摩郡麻績村",""
"7701","長野県","東筑摩郡麻績村","麻"
"7702","長野県","東筑摩郡麻績村","日"
"7200","長野県","東筑摩郡生坂村",""
"7201","長野県","東筑摩郡生坂村",""
"7202","長野県","東筑摩郡生坂村","北陸郷"
"7311","長野県","東筑摩郡生坂村","東広津"
"7500","長野県","東筑摩郡筑北村",""
"7503","長野県","東筑摩郡筑北村","大沢新田"
"7711","長野県","東筑摩郡筑北村","坂井"
"7601","長野県","東筑摩郡筑北村","坂北"
"7501","長野県","東筑摩郡筑北村","西条"
"7502","長野県","東筑摩郡筑北村","東条"
"7504","長野県","東筑摩郡筑北村","乱橋"
"8600","長野県","北安曇郡池田町",""
"8602","長野県","北安曇郡池田町","会染"
"8601","長野県","北安曇郡池田町","池田"
"8603","長野県","北安曇郡池田町","中鵜"
"8604","長野県","北安曇郡池田町","広津"
"8605","長野県","北安曇郡池田町","陸郷"
"8501","長野県","北安曇郡松川村",""
"9300","長野県","北安曇郡白馬村",""
"9211","長野県","北安曇郡白馬村","神城"
"9301","長野県","北安曇郡白馬村","北城"
"9400","長野県","北安曇郡小谷村",""
"9601","長野県","北安曇郡小谷村","北小谷"
"9422","長野県","北安曇郡小谷村","千国"
"9421","長野県","北安曇郡小谷村","中小谷"
"9511","長野県","北安曇郡小谷村","中土"
