"3711","山梨県","甲府市","梯町"
"3712","山梨県","甲府市","古関町"
"0615","山梨県","大月市","猿橋町朝日小沢"
"0613","山梨県","大月市","猿橋町伊良原"
"0616","山梨県","大月市","猿橋町小沢"
"0611","山梨県","大月市","猿橋町小篠"
"0618","山梨県","大月市","猿橋町桂台"
"0614","山梨県","大月市","猿橋町猿橋"
"0617","山梨県","大月市","猿橋町殿上"
"0612","山梨県","大月市","猿橋町藤崎"
"0502","山梨県","大月市","富浜町鳥沢"
"0501","山梨県","大月市","富浜町宮谷"
"0621","山梨県","大月市","七保町浅川"
"0623","山梨県","大月市","七保町葛野"
"0627","山梨県","大月市","七保町駒宮"
"0622","山梨県","大月市","七保町下和田"
"0626","山梨県","大月市","七保町瀬戸"
"0625","山梨県","大月市","七保町奈良子"
"0624","山梨県","大月市","七保町林"
"0504","山梨県","大月市","梁川町新倉"
"0505","山梨県","大月市","梁川町塩瀬"
"0506","山梨県","大月市","梁川町立野"
"0503","山梨県","大月市","梁川町綱の上"
"1501","山梨県","北杜市","大泉町西井出"
"1502","山梨県","北杜市","大泉町谷戸"
"3702","山梨県","笛吹市","芦川町新井原"
"3704","山梨県","笛吹市","芦川町鶯宿"
"3701","山梨県","笛吹市","芦川町上芦川"
"3703","山梨県","笛吹市","芦川町中芦川"
"0100","山梨県","上野原市",""
"0135","山梨県","上野原市","芦垣"
"0113","山梨県","上野原市","新田"
"0124","山梨県","上野原市","犬目"
"0112","山梨県","上野原市","上野原"
"0134","山梨県","上野原市","大椚"
"0138","山梨県","上野原市","大倉"
"0131","山梨県","上野原市","大曽根"
"0123","山梨県","上野原市","大野"
"0122","山梨県","上野原市","川合"
"0136","山梨県","上野原市","桑久保"
"0126","山梨県","上野原市","コモアしおつ"
"0141","山梨県","上野原市","西原"
"0121","山梨県","上野原市","四方津"
"0132","山梨県","上野原市","鶴川"
"0114","山梨県","上野原市","鶴島"
"0125","山梨県","上野原市","野田尻"
"0115","山梨県","上野原市","松留"
"0133","山梨県","上野原市","八ツ沢"
"0111","山梨県","上野原市","棡原"
"0137","山梨県","上野原市","和見"
"1213","山梨県","甲州市","塩山牛奥"
"1213","山梨県","甲州市","塩山牛奥奥野田開拓"
"1213","山梨県","甲州市","塩山牛奥嵯峨塩開拓"
"1213","山梨県","甲州市","塩山牛奥嵯峨塩温泉"
"1321","山梨県","甲州市","塩山牛奥"
"1211","山梨県","甲州市","塩山上萩原"
"1211","山梨県","甲州市","塩山上萩原すずらん荘"
"1211","山梨県","甲州市","塩山上萩原東電上部ダム"
"1212","山梨県","甲州市","塩山中萩原"
"1212","山梨県","甲州市","塩山中萩原日川小屋"
"1303","山梨県","甲州市","勝沼町小佐手"
"1316","山梨県","甲州市","勝沼町勝沼"
"1312","山梨県","甲州市","勝沼町上岩崎"
"1304","山梨県","甲州市","勝沼町休息"
"1313","山梨県","甲州市","勝沼町下岩崎"
"1315","山梨県","甲州市","勝沼町等々力"
"1301","山梨県","甲州市","勝沼町中原"
"1302","山梨県","甲州市","勝沼町菱山"
"1311","山梨県","甲州市","勝沼町深沢"
"1314","山梨県","甲州市","勝沼町藤井"
"1306","山梨県","甲州市","勝沼町山"
"1305","山梨県","甲州市","勝沼町綿塚"
"1202","山梨県","甲州市","大和町田野"
"1205","山梨県","甲州市","大和町鶴瀬"
"1201","山梨県","甲州市","大和町木賊"
"1203","山梨県","甲州市","大和町初鹿野"
"1204","山梨県","甲州市","大和町日影"
"3800","山梨県","中央市",""
"3813","山梨県","中央市","一町畑"
"3804","山梨県","中央市","井之口"
"3834","山梨県","中央市","今福"
"3835","山梨県","中央市","今福新田"
"3844","山梨県","中央市","臼井阿原"
"3831","山梨県","中央市","大田和"
"3812","山梨県","中央市","乙黒"
"3823","山梨県","中央市","上三條"
"3811","山梨県","中央市","極楽寺"
"3821","山梨県","中央市","下河東"
"3822","山梨県","中央市","下三條"
"3801","山梨県","中央市","中楯"
"3815","山梨県","中央市","成島"
"3802","山梨県","中央市","西新居"
"3843","山梨県","中央市","西花輪"
"3842","山梨県","中央市","東花輪"
"3833","山梨県","中央市","藤巻"
"3841","山梨県","中央市","布施"
"3832","山梨県","中央市","馬籠"
"3814","山梨県","中央市","町之田"
"3845","山梨県","中央市","山之神"
"3803","山梨県","中央市","若宮"
"3600","山梨県","西八代郡市川三郷町",""
"3601","山梨県","西八代郡市川三郷町","市川大門"
"3234","山梨県","西八代郡市川三郷町","岩下"
"3244","山梨県","西八代郡市川三郷町","岩間"
"3607","山梨県","西八代郡市川三郷町","印沢"
"3612","山梨県","西八代郡市川三郷町","上野"
"3611","山梨県","西八代郡市川三郷町","大塚"
"3231","山梨県","西八代郡市川三郷町","落居"
"3243","山梨県","西八代郡市川三郷町","鴨狩津向"
"3245","山梨県","西八代郡市川三郷町","楠甫"
"3603","山梨県","西八代郡市川三郷町","黒沢"
"3233","山梨県","西八代郡市川三郷町","五八"
"3622","山梨県","西八代郡市川三郷町","三帳"
"3621","山梨県","西八代郡市川三郷町","下芦川"
"3605","山梨県","西八代郡市川三郷町","下大鳥居"
"3606","山梨県","西八代郡市川三郷町","高田"
"3623","山梨県","西八代郡市川三郷町","高萩"
"3241","山梨県","西八代郡市川三郷町","葛籠沢"
"3232","山梨県","西八代郡市川三郷町","寺所"
"3625","山梨県","西八代郡市川三郷町","中山"
"3624","山梨県","西八代郡市川三郷町","垈"
"3626","山梨県","西八代郡市川三郷町","畑熊"
"3604","山梨県","西八代郡市川三郷町","八之尻"
"3242","山梨県","西八代郡市川三郷町","宮原"
"3602","山梨県","西八代郡市川三郷町","山保"
"2700","山梨県","南巨摩郡早川町",""
"2733","山梨県","南巨摩郡早川町","赤沢"
"2734","山梨県","南巨摩郡早川町","雨畑"
"2703","山梨県","南巨摩郡早川町","新倉"
"2731","山梨県","南巨摩郡早川町","大島"
"2704","山梨県","南巨摩郡早川町","大原野"
"2715","山梨県","南巨摩郡早川町","京ケ島"
"2714","山梨県","南巨摩郡早川町","草塩"
"2723","山梨県","南巨摩郡早川町","榑坪"
"2732","山梨県","南巨摩郡早川町","高住"
"2725","山梨県","南巨摩郡早川町","小縄"
"2722","山梨県","南巨摩郡早川町","笹走"
"2721","山梨県","南巨摩郡早川町","塩之上"
"2726","山梨県","南巨摩郡早川町","千須和"
"2711","山梨県","南巨摩郡早川町","黒桂"
"2701","山梨県","南巨摩郡早川町","奈良田"
"2712","山梨県","南巨摩郡早川町","西之宮"
"2724","山梨県","南巨摩郡早川町","初鹿島"
"2705","山梨県","南巨摩郡早川町","早川"
"2713","山梨県","南巨摩郡早川町","保"
"2727","山梨県","南巨摩郡早川町","薬袋"
"2702","山梨県","南巨摩郡早川町","湯島"
"2500","山梨県","南巨摩郡身延町",""
"2536","山梨県","南巨摩郡身延町","相又"
"2521","山梨県","南巨摩郡身延町","粟倉"
"3423","山梨県","南巨摩郡身延町","飯富"
"2938","山梨県","南巨摩郡身延町","市之瀬"
"2937","山梨県","南巨摩郡身延町","一色"
"3424","山梨県","南巨摩郡身延町","伊沼"
"2933","山梨県","南巨摩郡身延町","岩欠"
"2947","山梨県","南巨摩郡身延町","上之平"
"2531","山梨県","南巨摩郡身延町","梅平"
"3434","山梨県","南巨摩郡身延町","江尻窪"
"2934","山梨県","南巨摩郡身延町","大炊平"
"3111","山梨県","南巨摩郡身延町","大磯小磯"
"2406","山梨県","南巨摩郡身延町","大崩"
"3311","山梨県","南巨摩郡身延町","大塩"
"2415","山梨県","南巨摩郡身延町","大島"
"2537","山梨県","南巨摩郡身延町","大城"
"2404","山梨県","南巨摩郡身延町","大垈"
"2532","山梨県","南巨摩郡身延町","大野"
"3121","山梨県","南巨摩郡身延町","大山"
"3433","山梨県","南巨摩郡身延町","遅沢"
"2539","山梨県","南巨摩郡身延町","小田船原"
"2403","山梨県","南巨摩郡身延町","帯金"
"3101","山梨県","南巨摩郡身延町","折門"
"2538","山梨県","南巨摩郡身延町","門野"
"3105","山梨県","南巨摩郡身延町","釜額"
"3118","山梨県","南巨摩郡身延町","上田原"
"2401","山梨県","南巨摩郡身延町","上八木沢"
"2943","山梨県","南巨摩郡身延町","川向"
"2931","山梨県","南巨摩郡身延町","北川"
"2935","山梨県","南巨摩郡身延町","清沢"
"3304","山梨県","南巨摩郡身延町","切石"
"3115","山梨県","南巨摩郡身延町","切房木"
"3312","山梨県","南巨摩郡身延町","久成"
"3122","山梨県","南巨摩郡身延町","久保"
"3123","山梨県","南巨摩郡身延町","熊沢"
"3116","山梨県","南巨摩郡身延町","車田"
"3112","山梨県","南巨摩郡身延町","芝草"
"3305","山梨県","南巨摩郡身延町","下田原"
"2942","山梨県","南巨摩郡身延町","下部"
"2402","山梨県","南巨摩郡身延町","下八木沢"
"2522","山梨県","南巨摩郡身延町","下山"
"2932","山梨県","南巨摩郡身延町","杉山"
"2533","山梨県","南巨摩郡身延町","清子"
"3107","山梨県","南巨摩郡身延町","瀬戸"
"2946","山梨県","南巨摩郡身延町","大子"
"2412","山梨県","南巨摩郡身延町","角打"
"2405","山梨県","南巨摩郡身延町","椿草里"
"3302","山梨県","南巨摩郡身延町","手打沢"
"3303","山梨県","南巨摩郡身延町","寺沢"
"3124","山梨県","南巨摩郡身延町","樋田"
"2936","山梨県","南巨摩郡身延町","常葉"
"3104","山梨県","南巨摩郡身延町","中之倉"
"3432","山梨県","南巨摩郡身延町","中山"
"3435","山梨県","南巨摩郡身延町","梨子"
"3301","山梨県","南巨摩郡身延町","西嶋"
"3103","山梨県","南巨摩郡身延町","根子"
"2523","山梨県","南巨摩郡身延町","波木井"
"2945","山梨県","南巨摩郡身延町","波高島"
"3102","山梨県","南巨摩郡身延町","八坂"
"3307","山梨県","南巨摩郡身延町","日向南沢"
"2414","山梨県","南巨摩郡身延町","樋之上"
"3313","山梨県","南巨摩郡身延町","平須"
"3436","山梨県","南巨摩郡身延町","福原"
"3106","山梨県","南巨摩郡身延町","古関"
"3437","山梨県","南巨摩郡身延町","古長谷"
"2411","山梨県","南巨摩郡身延町","丸滝"
"3117","山梨県","南巨摩郡身延町","三沢"
"3113","山梨県","南巨摩郡身延町","水船"
"3114","山梨県","南巨摩郡身延町","道"
"2534","山梨県","南巨摩郡身延町","光子沢"
"3125","山梨県","南巨摩郡身延町","嶺"
"2524","山梨県","南巨摩郡身延町","身延"
"3422","山梨県","南巨摩郡身延町","宮木"
"2944","山梨県","南巨摩郡身延町","桃ケ窪"
"3431","山梨県","南巨摩郡身延町","矢細工"
"3126","山梨県","南巨摩郡身延町","山家"
"2941","山梨県","南巨摩郡身延町","湯之奥"
"3421","山梨県","南巨摩郡身延町","八日市場"
"3306","山梨県","南巨摩郡身延町","夜子沢"
"2535","山梨県","南巨摩郡身延町","横根中"
"2413","山梨県","南巨摩郡身延町","和田"
"2100","山梨県","南巨摩郡南部町",""
"2304","山梨県","南巨摩郡南部町","井出"
"2305","山梨県","南巨摩郡南部町","内船"
"2213","山梨県","南巨摩郡南部町","大和"
"2101","山梨県","南巨摩郡南部町","楮根"
"2301","山梨県","南巨摩郡南部町","上佐野"
"2214","山梨県","南巨摩郡南部町","塩沢"
"2302","山梨県","南巨摩郡南部町","下佐野"
"2303","山梨県","南巨摩郡南部町","十島"
"2211","山梨県","南巨摩郡南部町","中野"
"2216","山梨県","南巨摩郡南部町","成島"
"2212","山梨県","南巨摩郡南部町","南部"
"2102","山梨県","南巨摩郡南部町","福士"
"2217","山梨県","南巨摩郡南部町","本郷"
"2103","山梨県","南巨摩郡南部町","万沢"
"2215","山梨県","南巨摩郡南部町","柳島"
"3800","山梨県","中巨摩郡昭和町",""
"3852","山梨県","中巨摩郡昭和町","飯喰"
"3864","山梨県","中巨摩郡昭和町","押越"
"3851","山梨県","中巨摩郡昭和町","河西"
"3863","山梨県","中巨摩郡昭和町","河東中島"
"3862","山梨県","中巨摩郡昭和町","上河東"
"3861","山梨県","中巨摩郡昭和町","紙漉阿原"
"3866","山梨県","中巨摩郡昭和町","西条"
"3865","山梨県","中巨摩郡昭和町","西条新田"
"3867","山梨県","中巨摩郡昭和町","清水新居"
"3853","山梨県","中巨摩郡昭和町","築地新居"
"3854","山梨県","中巨摩郡昭和町","築地新田"
"0200","山梨県","北都留郡小菅村",""
"0142","山梨県","北都留郡小菅村",""
"0211","山梨県","北都留郡小菅村",""
"0300","山梨県","北都留郡丹波山村",""
"0301","山梨県","北都留郡丹波山村","奥秋"
"0306","山梨県","北都留郡丹波山村","押垣外"
"0314","山梨県","北都留郡丹波山村","御祭"
"0313","山梨県","北都留郡丹波山村","親川"
"0302","山梨県","北都留郡丹波山村","上組"
"0318","山梨県","北都留郡丹波山村","鴨沢"
"0317","山梨県","北都留郡丹波山村","小袖"
"0304","山梨県","北都留郡丹波山村","下組"
"0315","山梨県","北都留郡丹波山村","杉奈久保"
"0305","山梨県","北都留郡丹波山村","高尾"
"0312","山梨県","北都留郡丹波山村","高畑"
"0316","山梨県","北都留郡丹波山村","所畑"
"0303","山梨県","北都留郡丹波山村","中組"
"0311","山梨県","北都留郡丹波山村","保之瀬"
