"0000","京都府","京都市上京区",""
"0827","京都府","京都市上京区","相生町"
"8278","京都府","京都市上京区","愛染寺町"
"0054","京都府","京都市上京区","飛鳥井町"
"0923","京都府","京都市上京区","油橋詰町"
"8165","京都府","京都市上京区","尼ケ崎横町"
"8424","京都府","京都市上京区","阿弥陀寺町"
"0803","京都府","京都市上京区","阿弥陀寺前町"
"8074","京都府","京都市上京区","有春町"
"8472","京都府","京都市上京区","有馬町"
"0064","京都府","京都市上京区","安楽小路町"
"8121","京都府","京都市上京区","家永町"
"8407","京都府","京都市上京区","伊佐町"
"8226","京都府","京都市上京区","石薬師町"
"8297","京都府","京都市上京区","伊勢殿構町"
"0873","京都府","京都市上京区","伊勢屋町"
"8302","京都府","京都市上京区","井田町"
"8335","京都府","京都市上京区","一観音町"
"0934","京都府","京都市上京区","一条殿町"
"0944","京都府","京都市上京区","一条横町"
"8345","京都府","京都市上京区","一番町"
"0905","京都府","京都市上京区","一松町"
"8471","京都府","京都市上京区","一色町"
"0824","京都府","京都市上京区","一真町"
"8064","京都府","京都市上京区","一町目"
"8064","京都府","京都市上京区","一町目上長者町通堀川東入"
"8064","京都府","京都市上京区","一町目東堀川通上長者町上る"
"8064","京都府","京都市上京区","一町目東堀川通中立売通下る"
"8134","京都府","京都市上京区","一町目"
"8134","京都府","京都市上京区","一町目大宮通椹木町下る"
"8134","京都府","京都市上京区","一町目大宮通丸太町上る"
"8134","京都府","京都市上京区","一町目椹木町通大宮西入"
"8134","京都府","京都市上京区","一町目丸太町通大宮東入"
"8103","京都府","京都市上京区","一町目"
"8103","京都府","京都市上京区","一町目松屋町通出水下る"
"8103","京都府","京都市上京区","一町目松屋町通下立売上る"
"8446","京都府","京都市上京区","五辻町"
"8238","京都府","京都市上京区","糸屋町"
"8352","京都府","京都市上京区","稲葉町"
"8497","京都府","京都市上京区","戌亥町"
"8245","京都府","京都市上京区","猪熊"
"0066","京都府","京都市上京区","射場町"
"8025","京都府","京都市上京区","今薬屋町"
"8292","京都府","京都市上京区","今新在家町"
"0906","京都府","京都市上京区","今図子町"
"0033","京都府","京都市上京区","今出川町"
"0033","京都府","京都市上京区","今出川町烏丸通今出川上る"
"0033","京都府","京都市上京区","今出川町烏丸通今出川下る"
"0033","京都府","京都市上京区","今出川町今出川通烏丸西入"
"0033","京都府","京都市上京区","今出川町今出川通室町東入"
"8454","京都府","京都市上京区","今出川町"
"8454","京都府","京都市上京区","今出川町元誓願寺通浄福寺西入"
"8454","京都府","京都市上京区","今出川町元誓願寺通浄福寺東入"
"8454","京都府","京都市上京区","今出川町浄福寺通元誓願寺上る"
"8454","京都府","京都市上京区","今出川町浄福寺通元誓願寺下る"
"8104","京都府","京都市上京区","浮田町"
"0012","京都府","京都市上京区","内構町"
"0942","京都府","京都市上京区","靭屋町"
"8477","京都府","京都市上京区","姥ケ榎木町"
"8487","京都府","京都市上京区","姥ケ北町"
"8303","京都府","京都市上京区","姥ケ寺之前町"
"8485","京都府","京都市上京区","姥ケ東西町"
"8486","京都府","京都市上京区","姥ケ西町"
"0902","京都府","京都市上京区","梅屋町"
"0031","京都府","京都市上京区","裏築地町"
"0025","京都府","京都市上京区","裏風呂町"
"8251","京都府","京都市上京区","榎町"
"8032","京都府","京都市上京区","夷川町"
"8484","京都府","京都市上京区","蛭子町"
"8484","京都府","京都市上京区","蛭子町上立売通浄福寺西入"
"8484","京都府","京都市上京区","蛭子町浄福寺通上立売下る"
"8118","京都府","京都市上京区","蛭子町"
"8118","京都府","京都市上京区","蛭子町猪熊通出水上る"
"8118","京都府","京都市上京区","蛭子町猪熊通下長者町下る"
"8118","京都府","京都市上京区","蛭子町下長者町通猪熊西入"
"8118","京都府","京都市上京区","蛭子町下長者町通猪熊東入"
"8118","京都府","京都市上京区","蛭子町出水通猪熊西入"
"8118","京都府","京都市上京区","蛭子町出水通猪熊東入"
"8307","京都府","京都市上京区","閻魔前町"
"8318","京都府","京都市上京区","老松町"
"8011","京都府","京都市上京区","桜鶴円町"
"0921","京都府","京都市上京区","正親町"
"0848","京都府","京都市上京区","扇町"
"0848","京都府","京都市上京区","扇町寺町通今出川下る"
"0848","京都府","京都市上京区","扇町寺町通石薬師上る"
"0848","京都府","京都市上京区","扇町寺町通石薬師下る"
"0848","京都府","京都市上京区","扇町寺町通広小路上る"
"0848","京都府","京都市上京区","扇町石薬師通寺町東入"
"0071","京都府","京都市上京区","扇町"
"0071","京都府","京都市上京区","扇町堀川通寺之内上る"
"0071","京都府","京都市上京区","扇町堀川通上御霊前上る"
"0071","京都府","京都市上京区","扇町上御霊前通堀川東入"
"8405","京都府","京都市上京区","大猪熊町"
"8405","京都府","京都市上京区","大猪熊町寺之内通大宮西入"
"8405","京都府","京都市上京区","大猪熊町寺之内通智恵光院西入"
"8405","京都府","京都市上京区","大猪熊町寺之内通智恵光院東入"
"8405","京都府","京都市上京区","大猪熊町寺之内通大宮東入"
"8405","京都府","京都市上京区","大猪熊町智恵光院通寺之内下る"
"0849","京都府","京都市上京区","大猪熊町"
"0849","京都府","京都市上京区","大猪熊町中筋通石薬師上る"
"0849","京都府","京都市上京区","大猪熊町石薬師通河原町西入"
"0849","京都府","京都市上京区","大猪熊町石薬師通寺町東入"
"0849","京都府","京都市上京区","大猪熊町石薬師通中筋西入"
"0849","京都府","京都市上京区","大猪熊町石薬師通中筋東入"
"8375","京都府","京都市上京区","大上之町"
"8413","京都府","京都市上京区","大北小路東町"
"0832","京都府","京都市上京区","大原口町"
"0834","京都府","京都市上京区","大原口突抜町"
"8376","京都府","京都市上京区","大東町"
"0935","京都府","京都市上京区","大峰図子町"
"0847","京都府","京都市上京区","大宮町"
"0847","京都府","京都市上京区","大宮町今出川通河原町西入"
"0847","京都府","京都市上京区","大宮町今出川通寺町東入"
"0847","京都府","京都市上京区","大宮町今出川通寺町東入下る"
"0847","京都府","京都市上京区","大宮町河原町通今出川下る"
"0847","京都府","京都市上京区","大宮町河原町通今出川下る西入"
"0847","京都府","京都市上京区","大宮町寺町通今出川下る東入"
"0847","京都府","京都市上京区","大宮町中筋通石薬師上る"
"8363","京都府","京都市上京区","大宮町"
"8363","京都府","京都市上京区","大宮町上の下立売通御前西入"
"8363","京都府","京都市上京区","大宮町上の下立売通御前西入上る"
"8363","京都府","京都市上京区","大宮町上の下立売通天神道東入"
"8363","京都府","京都市上京区","大宮町下立売通御前西入"
"8363","京都府","京都市上京区","大宮町下立売通御前西入上る"
"0032","京都府","京都市上京区","岡松町"
"0924","京都府","京都市上京区","小川町"
"0825","京都府","京都市上京区","表町"
"0946","京都府","京都市上京区","戒光寺町"
"8061","京都府","京都市上京区","甲斐守町"
"8203","京都府","京都市上京区","鏡石町"
"8281","京都府","京都市上京区","加賀屋町"
"8014","京都府","京都市上京区","勘解由小路町"
"0841","京都府","京都市上京区","梶井町"
"0952","京都府","京都市上京区","頭町"
"0952","京都府","京都市上京区","頭町油小路通元誓願寺下る"
"0952","京都府","京都市上京区","頭町元誓願寺通油小路西入"
"8073","京都府","京都市上京区","頭町"
"8073","京都府","京都市上京区","頭町上長者町通西洞院西入"
"8073","京都府","京都市上京区","頭町西洞院通上長者町下る"
"8073","京都府","京都市上京区","頭町西洞院通下長者町上る"
"8073","京都府","京都市上京区","頭町西洞院通中長者町上る"
"8073","京都府","京都市上京区","頭町西洞院通中長者町下る"
"8311","京都府","京都市上京区","柏清盛町"
"8023","京都府","京都市上京区","春日町"
"8316","京都府","京都市上京区","片原町"
"0855","京都府","京都市上京区","上生洲町"
"0052","京都府","京都市上京区","上小川町"
"8033","京都府","京都市上京区","上鍛冶町"
"0804","京都府","京都市上京区","上片原町"
"0017","京都府","京都市上京区","上木下町"
"0896","京都府","京都市上京区","上御霊竪町"
"0894","京都府","京都市上京区","上御霊中町"
"0891","京都府","京都市上京区","上御霊馬場町"
"0895","京都府","京都市上京区","上御霊前町"
"0024","京都府","京都市上京区","上立売町"
"0022","京都府","京都市上京区","上立売東町"
"0082","京都府","京都市上京区","上天神町"
"0815","京都府","京都市上京区","上塔之段町"
"0863","京都府","京都市上京区","上之町"
"8141","京都府","京都市上京区","上堀川町"
"0813","京都府","京都市上京区","上神輿町"
"8384","京都府","京都市上京区","紙屋川町"
"0013","京都府","京都市上京区","上柳原町"
"8272","京都府","京都市上京区","亀木町"
"8062","京都府","京都市上京区","亀屋町"
"8062","京都府","京都市上京区","亀屋町油小路通上長者町下る"
"8062","京都府","京都市上京区","亀屋町油小路通下長者町上る"
"8062","京都府","京都市上京区","亀屋町油小路通中長者町上る"
"8062","京都府","京都市上京区","亀屋町油小路通中長者町下る"
"8062","京都府","京都市上京区","亀屋町上長者町通油小路西入"
"8062","京都府","京都市上京区","亀屋町上長者町通油小路東入"
"0854","京都府","京都市上京区","亀屋町"
"0854","京都府","京都市上京区","亀屋町河原町通荒神口東入"
"0854","京都府","京都市上京区","亀屋町荒神口通河原町東入"
"8284","京都府","京都市上京区","亀屋町"
"8284","京都府","京都市上京区","亀屋町千本通中立売上る"
"8284","京都府","京都市上京区","亀屋町千本通中立売下る"
"8284","京都府","京都市上京区","亀屋町中立売通千本西入"
"8119","京都府","京都市上京区","亀屋町"
"8119","京都府","京都市上京区","亀屋町葭屋町通下長者町下る"
"8119","京都府","京都市上京区","亀屋町葭屋町通出水上る"
"8119","京都府","京都市上京区","亀屋町下長者町通堀川西入"
"8119","京都府","京都市上京区","亀屋町下長者町通葭屋町東入"
"8119","京都府","京都市上京区","亀屋町下長者町通葭屋町西入"
"8119","京都府","京都市上京区","亀屋町出水通葭屋町西入"
"8119","京都府","京都市上京区","亀屋町出水通葭屋町東入"
"8119","京都府","京都市上京区","亀屋町出水通堀川西入"
"8332","京都府","京都市上京区","烏丸町"
"8369","京都府","京都市上京区","川瀬町"
"0808","京都府","京都市上京区","歓喜寺前町"
"8492","京都府","京都市上京区","歓喜町"
"0903","京都府","京都市上京区","観三橘町"
"0008","京都府","京都市上京区","岩栖院町"
"8441","京都府","京都市上京区","観世町"
"8385","京都府","京都市上京区","観音寺門前町"
"8047","京都府","京都市上京区","勘兵衛町"
"8076","京都府","京都市上京区","菊屋町"
"8076","京都府","京都市上京区","菊屋町西洞院通上長者町上る"
"8076","京都府","京都市上京区","菊屋町西洞院通中立売下る"
"8076","京都府","京都市上京区","菊屋町上長者町通西洞院西入"
"8076","京都府","京都市上京区","菊屋町上長者町通西洞院東入"
"8244","京都府","京都市上京区","菊屋町"
"8244","京都府","京都市上京区","菊屋町葭屋町通上長者町下る"
"8244","京都府","京都市上京区","菊屋町葭屋町通下長者町上る"
"8244","京都府","京都市上京区","菊屋町上長者町通葭屋町西入"
"8244","京都府","京都市上京区","菊屋町上長者町通葭屋町東入"
"8244","京都府","京都市上京区","菊屋町下長者町通葭屋町西入"
"8244","京都府","京都市上京区","菊屋町下長者町通葭屋町東入"
"8244","京都府","京都市上京区","菊屋町下長者町通堀川西入"
"8296","京都府","京都市上京区","北伊勢殿構町"
"8152","京都府","京都市上京区","北伊勢屋町"
"8432","京都府","京都市上京区","北猪熊町"
"8115","京都府","京都市上京区","北蟹屋町"
"0044","京都府","京都市上京区","北兼康町"
"8308","京都府","京都市上京区","北玄蕃町"
"8461","京都府","京都市上京区","北小路中之町"
"0901","京都府","京都市上京区","北小路室町"
"8252","京都府","京都市上京区","北小大門町"
"8207","京都府","京都市上京区","北新在家町"
"8247","京都府","京都市上京区","北俵町"
"0092","京都府","京都市上京区","北仲之町"
"8214","京都府","京都市上京区","北之御門町"
"0852","京都府","京都市上京区","北之辺町"
"0056","京都府","京都市上京区","北舟橋町"
"8368","京都府","京都市上京区","北町"
"8368","京都府","京都市上京区","北町上の下立売通天神道西入上る"
"8368","京都府","京都市上京区","北町上の下立売通御前西入"
"8368","京都府","京都市上京区","北町上の下立売通御前西入上る"
"8368","京都府","京都市上京区","北町下長者町通御前西入"
"8368","京都府","京都市上京区","北町天神道上の下立売上る"
"8368","京都府","京都市上京区","北町天神道仁和寺街道下る"
"8368","京都府","京都市上京区","北町天神道下立売上る"
"8368","京都府","京都市上京区","北町天神道妙心寺道上る"
"8368","京都府","京都市上京区","北町天神道妙心寺道上る西入"
"8368","京都府","京都市上京区","北町仁和寺街道天神道西入下る"
"8368","京都府","京都市上京区","北町仁和寺街道天神道東入下る"
"8368","京都府","京都市上京区","北町御前通上の下立売上る"
"8368","京都府","京都市上京区","北町御前通上の下立売上る西入"
"8368","京都府","京都市上京区","北町御前通下立売上る"
"8368","京都府","京都市上京区","北町御前通下長者町上る西入"
"8368","京都府","京都市上京区","北町御前通仁和寺街道下る西入"
"8368","京都府","京都市上京区","北町御前通妙心寺道上る西入"
"8368","京都府","京都市上京区","北町御前通西裏上の下立売上る"
"8368","京都府","京都市上京区","北町御前通西裏下立売上る"
"8392","京都府","京都市上京区","北町"
"8392","京都府","京都市上京区","北町御前通五辻上る"
"8392","京都府","京都市上京区","北町御前通今出川上る"
"8392","京都府","京都市上京区","北町御前通今出川上る西入"
"8392","京都府","京都市上京区","北町御前通今出川上る東入"
"8392","京都府","京都市上京区","北町御前通寺之内下る"
"0818","京都府","京都市上京区","北横町"
"0027","京都府","京都市上京区","木下突抜町"
"8146","京都府","京都市上京区","木屋之町"
"0851","京都府","京都市上京区","九軒町"
"0881","京都府","京都市上京区","京都御苑"
"8116","京都府","京都市上京区","清元町"
"8476","京都府","京都市上京区","桐木町"
"0876","京都府","京都市上京区","錦砂町"
"8173","京都府","京都市上京区","金馬場町"
"8127","京都府","京都市上京区","櫛笥町"
"0918","京都府","京都市上京区","薬屋町"
"8406","京都府","京都市上京区","花開院町"
"0002","京都府","京都市上京区","継孝院町"
"0018","京都府","京都市上京区","玄蕃町"
"0893","京都府","京都市上京区","玄武町"
"8428","京都府","京都市上京区","幸在町"
"8114","京都府","京都市上京区","荒神町"
"8114","京都府","京都市上京区","荒神町猪熊通下立売上る"
"8114","京都府","京都市上京区","荒神町猪熊通出水下る"
"8114","京都府","京都市上京区","荒神町猪熊通椹木町上る"
"8114","京都府","京都市上京区","荒神町出水通猪熊西入"
"8114","京都府","京都市上京区","荒神町出水通猪熊東入"
"8114","京都府","京都市上京区","荒神町出水通葭屋町西入"
"0856","京都府","京都市上京区","荒神町"
"0856","京都府","京都市上京区","荒神町河原町通荒神口上る"
"0856","京都府","京都市上京区","荒神町荒神口通河原町西入"
"0856","京都府","京都市上京区","荒神町荒神口通河原町東入"
"0856","京都府","京都市上京区","荒神町荒神口通寺町東入"
"0856","京都府","京都市上京区","荒神町寺町通荒神口上る"
"8267","京都府","京都市上京区","高台院竪町"
"8271","京都府","京都市上京区","高台院町"
"0835","京都府","京都市上京区","革堂内町"
"8132","京都府","京都市上京区","講堂町"
"0943","京都府","京都市上京区","革堂町"
"0943","京都府","京都市上京区","革堂町小川通一条上る"
"0943","京都府","京都市上京区","革堂町小川通武者小路下る"
"0943","京都府","京都市上京区","革堂町武者小路通小川東入"
"8463","京都府","京都市上京区","革堂町"
"8463","京都府","京都市上京区","革堂町元誓願寺通浄福寺西入"
"0945","京都府","京都市上京区","革堂仲之町"
"0959","京都府","京都市上京区","革堂西町"
"8299","京都府","京都市上京区","革堂之内町"
"8275","京都府","京都市上京区","革堂前之町"
"0801","京都府","京都市上京区","高徳寺町"
"0051","京都府","京都市上京区","御三軒町"
"0904","京都府","京都市上京区","小島町"
"0023","京都府","京都市上京区","御所八幡町"
"8043","京都府","京都市上京区","五町目"
"8013","京都府","京都市上京区","五町目町"
"8234","京都府","京都市上京区","小寺町"
"8133","京都府","京都市上京区","小伝馬町"
"0821","京都府","京都市上京区","後藤町"
"8046","京都府","京都市上京区","近衛町"
"8046","京都府","京都市上京区","近衛町油小路通下立売上る"
"8046","京都府","京都市上京区","近衛町油小路通出水下る"
"8046","京都府","京都市上京区","近衛町出水通油小路西入"
"8046","京都府","京都市上京区","近衛町出水通油小路東入"
"8019","京都府","京都市上京区","近衛町"
"8019","京都府","京都市上京区","近衛町下長者町通室町西入"
"8019","京都府","京都市上京区","近衛町下長者町通室町東入"
"8019","京都府","京都市上京区","近衛町出水通烏丸西入"
"8019","京都府","京都市上京区","近衛町出水通室町東入"
"8019","京都府","京都市上京区","近衛町室町通下長者町下る"
"8019","京都府","京都市上京区","近衛町室町通出水上る"
"8019","京都府","京都市上京区","近衛町室町通出水上る東入"
"0047","京都府","京都市上京区","近衛殿表町"
"0045","京都府","京都市上京区","近衛殿北口町"
"8342","京都府","京都市上京区","五番町"
"0872","京都府","京都市上京区","駒之町"
"8034","京都府","京都市上京区","米屋町"
"8034","京都府","京都市上京区","米屋町油小路椹木町下る"
"8034","京都府","京都市上京区","米屋町油小路通丸太町上る"
"8034","京都府","京都市上京区","米屋町椹木町通油小路西入"
"8034","京都府","京都市上京区","米屋町椹木町通油小路東入"
"8034","京都府","京都市上京区","米屋町丸太町通油小路西入"
"8034","京都府","京都市上京区","米屋町丸太町通油小路東入"
"0846","京都府","京都市上京区","米屋町"
"0846","京都府","京都市上京区","米屋町今出川通寺町東入"
"0846","京都府","京都市上京区","米屋町今出川通寺町東入下る"
"0846","京都府","京都市上京区","米屋町今出川通河原町西入上る"
"0846","京都府","京都市上京区","米屋町河原町通今出川下る西入"
"0846","京都府","京都市上京区","米屋町寺町通今出川下る"
"0846","京都府","京都市上京区","米屋町寺町通今出川下る東入"
"0846","京都府","京都市上京区","米屋町中筋通今出川下る"
"8157","京都府","京都市上京区","小山町"
"8018","京都府","京都市上京区","御霊町"
"8179","京都府","京都市上京区","坤高町"
"8151","京都府","京都市上京区","西院町"
"8242","京都府","京都市上京区","皀莢町"
"8354","京都府","京都市上京区","西東町"
"0814","京都府","京都市上京区","幸神町"
"0842","京都府","京都市上京区","栄町"
"0842","京都府","京都市上京区","栄町石薬師通河原西入"
"0842","京都府","京都市上京区","栄町河原町通石薬師上る"
"0842","京都府","京都市上京区","栄町河原町通石薬師下る"
"0842","京都府","京都市上京区","栄町河原町通今出川下る"
"8202","京都府","京都市上京区","栄町"
"8202","京都府","京都市上京区","栄町大宮通一条上る西入"
"8202","京都府","京都市上京区","栄町大宮通中立売下る"
"8202","京都府","京都市上京区","栄町智恵光院通一条上る東入"
"8304","京都府","京都市上京区","作庵町"
"8445","京都府","京都市上京区","桜井町"
"0805","京都府","京都市上京区","桜木町"
"8453","京都府","京都市上京区","笹屋"
"8314","京都府","京都市上京区","佐竹町"
"8145","京都府","京都市上京区","左馬松町"
"0826","京都府","京都市上京区","三栄町"
"8341","京都府","京都市上京区","三軒町"
"0922","京都府","京都市上京区","讃州寺町"
"8333","京都府","京都市上京区","三条殿町"
"8356","京都府","京都市上京区","三助町"
"8135","京都府","京都市上京区","三町目"
"8135","京都府","京都市上京区","三町目松屋町通椹木町下る"
"8135","京都府","京都市上京区","三町目松屋町通丸太町上る"
"8056","京都府","京都市上京区","三町目"
"8056","京都府","京都市上京区","三町目出水通東堀川東入"
"8056","京都府","京都市上京区","三町目出水通堀川東入"
"8056","京都府","京都市上京区","三町目東堀川通下長者町下る"
"8056","京都府","京都市上京区","三町目東堀川通出水上る"
"0915","京都府","京都市上京区","三丁町"
"8274","京都府","京都市上京区","山王町"
"8358","京都府","京都市上京区","三番町"
"8436","京都府","京都市上京区","慈眼庵町"
"8359","京都府","京都市上京区","七番町"
"0059","京都府","京都市上京区","実相院町"
"8071","京都府","京都市上京区","仕丁町"
"8277","京都府","京都市上京区","信濃町"
"8438","京都府","京都市上京区","芝大宮町"
"8412","京都府","京都市上京区","芝之町"
"8421","京都府","京都市上京区","芝薬師町"
"8225","京都府","京都市上京区","下石橋町"
"8239","京都府","京都市上京区","下石橋南半町"
"8075","京都府","京都市上京区","下小川町"
"8204","京都府","京都市上京区","下鏡石町"
"0019","京都府","京都市上京区","下木下町"
"0007","京都府","京都市上京区","下清蔵口町"
"8372","京都府","京都市上京区","下竪町"
"0074","京都府","京都市上京区","下天神町"
"0837","京都府","京都市上京区","下塔之段町"
"8365","京都府","京都市上京区","下之町"
"8142","京都府","京都市上京区","下堀川町"
"8176","京都府","京都市上京区","下丸屋町"
"0839","京都府","京都市上京区","下御輿町"
"0014","京都府","京都市上京区","下柳原北半町"
"0015","京都府","京都市上京区","下柳原南半町"
"8265","京都府","京都市上京区","下山里町"
"8373","京都府","京都市上京区","下横町"
"8395","京都府","京都市上京区","社家長屋町"
"0811","京都府","京都市上京区","十念寺前町"
"8164","京都府","京都市上京区","十四軒町"
"8067","京都府","京都市上京区","主計町"
"8155","京都府","京都市上京区","主税町"
"8156","京都府","京都市上京区","聚楽町"
"8015","京都府","京都市上京区","常泉院町"
"8474","京都府","京都市上京区","上善寺町"
"8481","京都府","京都市上京区","聖天町"
"8057","京都府","京都市上京区","紹巴町"
"8348","京都府","京都市上京区","白竹町"
"8178","京都府","京都市上京区","白銀町"
"8495","京都府","京都市上京区","新猪熊町"
"8494","京都府","京都市上京区","新猪熊東町"
"0843","京都府","京都市上京区","新夷町"
"0861","京都府","京都市上京区","新烏丸頭町"
"0892","京都府","京都市上京区","新北小路町"
"8161","京都府","京都市上京区","新御幸町"
"0897","京都府","京都市上京区","新御霊口町"
"8381","京都府","京都市上京区","真盛町"
"8337","京都府","京都市上京区","新建町"
"0083","京都府","京都市上京区","新ン町"
"0866","京都府","京都市上京区","真町"
"0875","京都府","京都市上京区","信富町"
"0833","京都府","京都市上京区","真如堂突抜町"
"0845","京都府","京都市上京区","真如堂前町"
"8205","京都府","京都市上京区","新白水丸町"
"8293","京都府","京都市上京区","新桝屋町"
"8409","京都府","京都市上京区","新美濃部町"
"8391","京都府","京都市上京区","神明町"
"8391","京都府","京都市上京区","神明町御前通寺之内下る"
"8391","京都府","京都市上京区","神明町御前通今出川上る"
"8391","京都府","京都市上京区","神明町寺之内通御前西入"
"8256","京都府","京都市上京区","神明町"
"8256","京都府","京都市上京区","神明町上長者町通松屋町東入"
"8256","京都府","京都市上京区","神明町松屋町通上長者町上る"
"8256","京都府","京都市上京区","神明町松屋町通中立売下る"
"8257","京都府","京都市上京区","新元町"
"8279","京都府","京都市上京区","新柳馬場頭町"
"0081","京都府","京都市上京区","瑞光院前町"
"8382","京都府","京都市上京区","末之口町"
"8312","京都府","京都市上京区","末広町"
"8246","京都府","京都市上京区","杉本町"
"8483","京都府","京都市上京区","杉若町"
"0091","京都府","京都市上京区","筋違橋町"
"8439","京都府","京都市上京区","硯屋町"
"8262","京都府","京都市上京区","須浜池町"
"8264","京都府","京都市上京区","須浜町"
"8263","京都府","京都市上京区","須浜東町"
"8222","京都府","京都市上京区","晴明町"
"0822","京都府","京都市上京区","青龍町"
"8003","京都府","京都市上京区","清和院町"
"0006","京都府","京都市上京区","禅昌院町"
"0898","京都府","京都市上京区","相国寺門前町"
"0844","京都府","京都市上京区","染殿町"
"8482","京都府","京都市上京区","大黒町"
"8482","京都府","京都市上京区","大黒町上立売通浄福寺西入"
"8482","京都府","京都市上京区","大黒町上立売通浄福寺東入"
"8482","京都府","京都市上京区","大黒町浄福寺通上立売上る"
"8482","京都府","京都市上京区","大黒町浄福寺通寺之内下る"
"8137","京都府","京都市上京区","大黒町"
"8137","京都府","京都市上京区","大黒町猪熊通椹木町上る"
"8137","京都府","京都市上京区","大黒町猪熊通下立売下る"
"8137","京都府","京都市上京区","大黒町椹木町通猪熊西入"
"8055","京都府","京都市上京区","大黒屋町"
"0003","京都府","京都市上京区","大心院町"
"8455","京都府","京都市上京区","泰童片原町"
"8298","京都府","京都市上京区","泰童町"
"8323","京都府","京都市上京区","大文字町"
"8024","京都府","京都市上京区","大門町"
"0878","京都府","京都市上京区","高島町"
"8052","京都府","京都市上京区","鷹司町"
"8052","京都府","京都市上京区","鷹司町下長者町通小川東入"
"8002","京都府","京都市上京区","鷹司町"
"8002","京都府","京都市上京区","鷹司町下長者町通鳥丸西入"
"8336","京都府","京都市上京区","滝ケ鼻町"
"0001","京都府","京都市上京区","竹園町"
"0067","京都府","京都市上京区","竹屋町"
"8209","京都府","京都市上京区","橘町"
"0912","京都府","京都市上京区","龍前町"
"8462","京都府","京都市上京区","竪亀屋町"
"8228","京都府","京都市上京区","竪神明町"
"0955","京都府","京都市上京区","竪富田町"
"8216","京都府","京都市上京区","竪門前町"
"0098","京都府","京都市上京区","竪社北半町"
"0099","京都府","京都市上京区","竪社南半町"
"8163","京都府","京都市上京区","田中町"
"8402","京都府","京都市上京区","田畑町"
"8286","京都府","京都市上京区","玉屋町"
"8286","京都府","京都市上京区","玉屋町千本通中立売上る"
"8286","京都府","京都市上京区","玉屋町中立売通千本東入"
"8322","京都府","京都市上京区","玉屋町"
"8322","京都府","京都市上京区","玉屋町元誓願寺通千本西入"
"8322","京都府","京都市上京区","玉屋町元誓願寺通六軒町東入"
"8322","京都府","京都市上京区","玉屋町六軒町通元誓願寺上る"
"8322","京都府","京都市上京区","玉屋町六軒町通元誓願寺下る"
"8322","京都府","京都市上京区","玉屋町葭屋町通元誓願寺下る"
"8288","京都府","京都市上京区","田丸町"
"8177","京都府","京都市上京区","田村備前町"
"8261","京都府","京都市上京区","多門町"
"0871","京都府","京都市上京区","俵屋町"
"8224","京都府","京都市上京区","弾正町"
"8287","京都府","京都市上京区","丹波屋町"
"8208","京都府","京都市上京区","智恵光院前之町"
"8053","京都府","京都市上京区","茶屋町"
"8126","京都府","京都市上京区","中書町"
"8054","京都府","京都市上京区","丁子風呂町"
"8315","京都府","京都市上京区","突抜町"
"8315","京都府","京都市上京区","突抜町今出川通七本松東入"
"8315","京都府","京都市上京区","突抜町今出川通七本松東入上る"
"8315","京都府","京都市上京区","突抜町五辻通七本松東入下る"
"8315","京都府","京都市上京区","突抜町五辻通六軒町西入下る"
"8065","京都府","京都市上京区","突抜町"
"8065","京都府","京都市上京区","突抜町上長者町通堀川東入上る"
"8065","京都府","京都市上京区","突抜町中立売通堀川東入下る"
"8065","京都府","京都市上京区","突抜町油小路堀川の間中立売下る"
"8364","京都府","京都市上京区","突抜町"
"8364","京都府","京都市上京区","突抜町下立売通御前西入"
"8364","京都府","京都市上京区","突抜町下立売通御前西入下る"
"8364","京都府","京都市上京区","突抜町下立売通天神道東入"
"8364","京都府","京都市上京区","突抜町下の下立売通御前西入"
"0038","京都府","京都市上京区","築山北半町"
"0034","京都府","京都市上京区","築山南半町"
"8427","京都府","京都市上京区","土田町"
"8077","京都府","京都市上京区","土御門町"
"0802","京都府","京都市上京区","鶴山町"
"0862","京都府","京都市上京区","出水町"
"8215","京都府","京都市上京区","寺今町"
"0073","京都府","京都市上京区","寺之内竪町"
"0087","京都府","京都市上京区","天神北町"
"8105","京都府","京都市上京区","天秤町"
"8172","京都府","京都市上京区","天秤丸町"
"8355","京都府","京都市上京区","天満屋町"
"8254","京都府","京都市上京区","藤五郎町"
"8294","京都府","京都市上京区","東西俵屋町"
"8411","京都府","京都市上京区","東西町"
"0004","京都府","京都市上京区","道正町"
"0937","京都府","京都市上京区","常盤井図子町"
"0836","京都府","京都市上京区","常盤井殿町"
"0932","京都府","京都市上京区","徳大寺殿町"
"8213","京都府","京都市上京区","徳屋町"
"0072","京都府","京都市上京区","百々町"
"8218","京都府","京都市上京区","富小路町"
"8393","京都府","京都市上京区","鳥居前町"
"0063","京都府","京都市上京区","内藤町"
"8147","京都府","京都市上京区","直家町"
"8493","京都府","京都市上京区","中猪熊町"
"0053","京都府","京都市上京区","中小川町"
"8131","京都府","京都市上京区","長尾町"
"0041","京都府","京都市上京区","中御霊図子町"
"8283","京都府","京都市上京区","仲御霊町"
"0857","京都府","京都市上京区","中御霊町"
"8158","京都府","京都市上京区","中務町"
"8012","京都府","京都市上京区","中出水町"
"8353","京都府","京都市上京区","長門町"
"8143","京都府","京都市上京区","中之町"
"8143","京都府","京都市上京区","中之町猪熊通竹屋町上る"
"8143","京都府","京都市上京区","中之町猪熊通丸太町下る"
"8143","京都府","京都市上京区","中之町西堀川通丸太町下る"
"0864","京都府","京都市上京区","中之町"
"0864","京都府","京都市上京区","中之町東三本木通丸太町上る"
"0093","京都府","京都市上京区","仲之町"
"0093","京都府","京都市上京区","仲之町大宮通上御霊前上る"
"0093","京都府","京都市上京区","仲之町大宮通上御霊前下る"
"0093","京都府","京都市上京区","仲之町大宮通蘆山寺上る"
"0093","京都府","京都市上京区","仲之町大宮通寺之内上る"
"0093","京都府","京都市上京区","仲之町上御霊前通大宮西入"
"0093","京都府","京都市上京区","仲之町上御霊前通大宮東入"
"0093","京都府","京都市上京区","仲之町蘆山寺通大宮西入"
"8362","京都府","京都市上京区","仲之町"
"8362","京都府","京都市上京区","仲之町御前通上の下立売上る"
"8362","京都府","京都市上京区","仲之町御前通上の下立売上る東入"
"8362","京都府","京都市上京区","仲之町御前通下立売上る"
"8362","京都府","京都市上京区","仲之町御前通下立売上る東入"
"8362","京都府","京都市上京区","仲之町下ノ森通下立売上る"
"8362","京都府","京都市上京区","仲之町下ノ森通下立売上る西入"
"8362","京都府","京都市上京区","仲之町上の下立売通御前西入上る"
"8072","京都府","京都市上京区","仲之町"
"8072","京都府","京都市上京区","仲之町新町通下長者町上る"
"8072","京都府","京都市上京区","仲之町新町通中長者町下る"
"8072","京都府","京都市上京区","仲之町中長者町通新町西入"
"8072","京都府","京都市上京区","仲之町中長者町通西洞院東入"
"8072","京都府","京都市上京区","仲之町中長者町通西洞院西入"
"8072","京都府","京都市上京区","仲之町西洞院通中長者町上る"
"8072","京都府","京都市上京区","仲之町西洞院通上長者町下る"
"0958","京都府","京都市上京区","仲之町"
"0958","京都府","京都市上京区","仲之町油小路通今出川下る"
"0958","京都府","京都市上京区","仲之町油小路通元誓願寺上る"
"0958","京都府","京都市上京区","仲之町元誓願寺通油小路西入"
"0958","京都府","京都市上京区","仲之町元誓願寺通油小路東入"
"0958","京都府","京都市上京区","仲之町元誓願寺通堀川東入"
"8051","京都府","京都市上京区","中橋詰町"
"8136","京都府","京都市上京区","中御門横町"
"8469","京都府","京都市上京区","中宮町"
"8175","京都府","京都市上京区","中村町"
"8403","京都府","京都市上京区","中社町"
"8237","京都府","京都市上京区","梨木町"
"0028","京都府","京都市上京区","納屋町"
"8243","京都府","京都市上京区","奈良物町"
"8437","京都府","京都市上京区","西石屋町"
"8306","京都府","京都市上京区","西五辻北町"
"8478","京都府","京都市上京区","西五辻東町"
"8383","京都府","京都市上京区","西今小路町"
"0957","京都府","京都市上京区","西今町"
"8334","京都府","京都市上京区","西今出川町"
"8042","京都府","京都市上京区","西裏辻町"
"0046","京都府","京都市上京区","西大路町"
"0046","京都府","京都市上京区","西大路町上立売通小川東入"
"0046","京都府","京都市上京区","西大路町上立売通新町西入"
"0046","京都府","京都市上京区","西大路町上立売通新町東入"
"0046","京都府","京都市上京区","西大路町上立売通新町東入上る"
"0046","京都府","京都市上京区","西大路町新町通上立売上る"
"8048","京都府","京都市上京区","西大路町"
"8048","京都府","京都市上京区","西大路町油小路通下立売上る"
"8048","京都府","京都市上京区","西大路町小川通下立売上る"
"8048","京都府","京都市上京区","西大路町小川通下立売下る"
"8048","京都府","京都市上京区","西大路町下立売通油小路東入"
"8048","京都府","京都市上京区","西大路町下立売通小川西入"
"8048","京都府","京都市上京区","西大路町下立売通小川東入"
"8361","京都府","京都市上京区","西上之町"
"8467","京都府","京都市上京区","西亀屋町"
"0954","京都府","京都市上京区","西川端町"
"8414","京都府","京都市上京区","西北小路町"
"8414","京都府","京都市上京区","西北小路町猪熊通上立売上る"
"8414","京都府","京都市上京区","西北小路町猪熊通寺之内下る"
"8414","京都府","京都市上京区","西北小路町大宮通寺之内下る東入"
"8414","京都府","京都市上京区","西北小路町大宮通寺之内半丁下る東入"
"8414","京都府","京都市上京区","西北小路町寺之内通大宮東入下る"
"8444","京都府","京都市上京区","西北小路町"
"8444","京都府","京都市上京区","西北小路町今出川通浄福寺東入"
"8444","京都府","京都市上京区","西北小路町今出川通智恵光院西入"
"8444","京都府","京都市上京区","西北小路町今出川通智恵光院東入"
"8444","京都府","京都市上京区","西北小路町智恵光院通今出川上る"
"8444","京都府","京都市上京区","西北小路町智恵光院通今出川下る"
"8444","京都府","京都市上京区","西北小路町五辻通浄福寺東入"
"8498","京都府","京都市上京区","西熊町"
"8326","京都府","京都市上京区","西上善寺町"
"8169","京都府","京都市上京区","西神明町"
"8404","京都府","京都市上京区","西千本町"
"8004","京都府","京都市上京区","西鷹司町"
"8107","京都府","京都市上京区","西辰巳町"
"8017","京都府","京都市上京区","西出水町"
"8109","京都府","京都市上京区","西天秤町"
"8282","京都府","京都市上京区","西富仲町"
"8285","京都府","京都市上京区","西中筋町"
"0925","京都府","京都市上京区","西之口町"
"8138","京都府","京都市上京区","西橋詰町"
"0916","京都府","京都市上京区","西日野殿町"
"8434","京都府","京都市上京区","西船橋町"
"8371","京都府","京都市上京区","西町"
"8371","京都府","京都市上京区","西町一条通御前東入"
"8374","京都府","京都市上京区","西町"
"8374","京都府","京都市上京区","西町一条通御前西入"
"8374","京都府","京都市上京区","西町一条通紙屋川東入"
"8374","京都府","京都市上京区","西町一条通天神道西入"
"8374","京都府","京都市上京区","西町一条通御前西入上る"
"8374","京都府","京都市上京区","西町一条通御前西入上る西入"
"8374","京都府","京都市上京区","西町一条通御前西入下る"
"8374","京都府","京都市上京区","西町一条通紙屋川東入上る"
"8374","京都府","京都市上京区","西町一条通紙屋川東入下る"
"8374","京都府","京都市上京区","西町天神道一条上る"
"8374","京都府","京都市上京区","西町天神道一条下る"
"8374","京都府","京都市上京区","西町天神道仁和寺街道上る"
"0956","京都府","京都市上京区","西町"
"0956","京都府","京都市上京区","西町東堀川通元誓願寺下る"
"0956","京都府","京都市上京区","西町元誓願寺通油小路西入"
"0956","京都府","京都市上京区","西町元誓願寺通東堀川東入"
"8148","京都府","京都市上京区","西丸太町"
"0936","京都府","京都市上京区","西無車小路町"
"8491","京都府","京都市上京区","西社町"
"8394","京都府","京都市上京区","西柳町"
"8036","京都府","京都市上京区","西山崎町"
"8301","京都府","京都市上京区","西芦山寺町"
"0097","京都府","京都市上京区","西若宮北半町"
"0096","京都府","京都市上京区","西若宮南半町"
"0828","京都府","京都市上京区","二神町"
"8128","京都府","京都市上京区","二町目"
"8128","京都府","京都市上京区","二町目松屋町通椹木町上る"
"8128","京都府","京都市上京区","二町目松屋町通下立売下る"
"8058","京都府","京都市上京区","二町目"
"8058","京都府","京都市上京区","二町目上長者町通東堀川東入"
"8058","京都府","京都市上京区","二町目東堀川通上長者町下る"
"8058","京都府","京都市上京区","二町目東堀川通下長者町上る"
"8058","京都府","京都市上京区","二町目東堀川通上長者町上る"
"8344","京都府","京都市上京区","二番町"
"8167","京都府","京都市上京区","二本松町"
"8231","京都府","京都市上京区","如水町"
"8106","京都府","京都市上京区","秤口町"
"8386","京都府","京都市上京区","馬喰町"
"8212","京都府","京都市上京区","橋詰町"
"8123","京都府","京都市上京区","橋西二町目"
"8433","京都府","京都市上京区","橋之上町"
"8063","京都府","京都市上京区","橋本町"
"8273","京都府","京都市上京区","長谷町"
"0035","京都府","京都市上京区","畠山町"
"0016","京都府","京都市上京区","畠中町"
"8305","京都府","京都市上京区","花車町"
"0914","京都府","京都市上京区","花立町"
"0948","京都府","京都市上京区","針屋町"
"8026","京都府","京都市上京区","春帯町"
"8473","京都府","京都市上京区","般舟院前町"
"8295","京都府","京都市上京区","東石橋町"
"8431","京都府","京都市上京区","東石屋町"
"8387","京都府","京都市上京区","東今小路町"
"0951","京都府","京都市上京区","東今町"
"8038","京都府","京都市上京区","東魚屋町"
"8031","京都府","京都市上京区","東裏辻町"
"0858","京都府","京都市上京区","東桜町"
"8468","京都府","京都市上京区","東上善寺町"
"8162","京都府","京都市上京区","東神明町"
"8416","京都府","京都市上京区","東千本町"
"8027","京都府","京都市上京区","東立売町"
"8101","京都府","京都市上京区","東辰巳町"
"8377","京都府","京都市上京区","東竪町"
"8007","京都府","京都市上京区","東長者町"
"0874","京都府","京都市上京区","東土御門町"
"8102","京都府","京都市上京区","東天秤町"
"8044","京都府","京都市上京区","東橋詰町"
"8044","京都府","京都市上京区","東橋詰町下立売通堀川東入"
"8066","京都府","京都市上京区","東橋詰町"
"8066","京都府","京都市上京区","東橋詰町中立売通堀川東入"
"0917","京都府","京都市上京区","東日野殿町"
"8255","京都府","京都市上京区","東堀町"
"0913","京都府","京都市上京区","東町"
"0913","京都府","京都市上京区","東町中立売通烏丸西入"
"0913","京都府","京都市上京区","東町中立売通室町東入"
"8346","京都府","京都市上京区","東町"
"8346","京都府","京都市上京区","東町一条通下ノ森西入"
"8346","京都府","京都市上京区","東町一条通下ノ森東入"
"8346","京都府","京都市上京区","東町一条通七本松西入"
"8346","京都府","京都市上京区","東町中立売通七本松西入"
"0947","京都府","京都市上京区","東町"
"0947","京都府","京都市上京区","東町元誓願寺通小川西入"
"8417","京都府","京都市上京区","東社町"
"8317","京都府","京都市上京区","東柳町"
"0086","京都府","京都市上京区","東若宮町"
"0065","京都府","京都市上京区","挽木町"
"8236","京都府","京都市上京区","庇町"
"8266","京都府","京都市上京区","菱丸町"
"8125","京都府","京都市上京区","菱屋町"
"8125","京都府","京都市上京区","菱屋町大宮通椹木町上る"
"8125","京都府","京都市上京区","菱屋町大宮通下立売下る"
"8125","京都府","京都市上京区","菱屋町椹木町通大宮西入"
"8125","京都府","京都市上京区","菱屋町椹木町通大宮東入"
"8451","京都府","京都市上京区","菱屋町"
"8451","京都府","京都市上京区","菱屋町中筋通浄福寺東入"
"8451","京都府","京都市上京区","菱屋町中筋通智恵光院西入"
"8227","京都府","京都市上京区","毘沙門町"
"8227","京都府","京都市上京区","毘沙門町大宮通一条上る東入"
"8227","京都府","京都市上京区","毘沙門町黒門通一条上る"
"8227","京都府","京都市上京区","毘沙門町黒門通元誓願寺下る"
"8227","京都府","京都市上京区","毘沙門町黒門通元誓願寺下る西入"
"8227","京都府","京都市上京区","毘沙門町黒門通一条上る西入"
"0816","京都府","京都市上京区","毘沙門町"
"0816","京都府","京都市上京区","毘沙門町上立売通寺町西入"
"0816","京都府","京都市上京区","毘沙門町上立売通寺町西入上る"
"0816","京都府","京都市上京区","毘沙門町上立売通寺町西入下る"
"0816","京都府","京都市上京区","毘沙門町寺町通今出川西入"
"0816","京都府","京都市上京区","毘沙門町塔之段寺町通今出川上る"
"8325","京都府","京都市上京区","毘沙門町"
"8325","京都府","京都市上京区","毘沙門町今出川通七本松西入"
"8325","京都府","京都市上京区","毘沙門町今出川通七本松西入上る"
"8325","京都府","京都市上京区","毘沙門町七本松通今出川上る"
"8325","京都府","京都市上京区","毘沙門町七本松通今出川下る"
"8325","京都府","京都市上京区","毘沙門町七本松通元誓願寺上る"
"8325","京都府","京都市上京区","毘沙門町七本松通五辻下る"
"0817","京都府","京都市上京区","毘沙門横町"
"8259","京都府","京都市上京区","常陸町"
"8235","京都府","京都市上京区","飛弾殿町"
"8425","京都府","京都市上京区","樋之口町"
"8276","京都府","京都市上京区","百万遍町"
"0037","京都府","京都市上京区","瓢箪図子町"
"0911","京都府","京都市上京区","広橋殿町"
"8029","京都府","京都市上京区","武衛陣町"
"8166","京都府","京都市上京区","福島町"
"8233","京都府","京都市上京区","福大明神町"
"0907","京都府","京都市上京区","福長町"
"8291","京都府","京都市上京区","福本町"
"0868","京都府","京都市上京区","袋町"
"8423","京都府","京都市上京区","藤木町"
"0807","京都府","京都市上京区","不動前町"
"0026","京都府","京都市上京区","古木町"
"8408","京都府","京都市上京区","古美濃部町"
"8313","京都府","京都市上京区","風呂屋町"
"8174","京都府","京都市上京区","分銅町"
"0939","京都府","京都市上京区","弁財天町"
"8168","京都府","京都市上京区","弁天町"
"0062","京都府","京都市上京区","宝鏡院東町"
"8357","京都府","京都市上京区","鳳瑞町"
"8496","京都府","京都市上京区","木瓜原町"
"8475","京都府","京都市上京区","牡丹鉾町"
"8221","京都府","京都市上京区","堀川上之町"
"8232","京都府","京都市上京区","堀川下之町"
"8367","京都府","京都市上京区","堀川町"
"0931","京都府","京都市上京区","堀出シ町"
"0057","京都府","京都市上京区","堀之上町"
"8021","京都府","京都市上京区","堀松町"
"0061","京都府","京都市上京区","本法寺前町"
"0812","京都府","京都市上京区","本満寺前町"
"8415","京都府","京都市上京区","前之町"
"0036","京都府","京都市上京区","蒔鳥屋町"
"8488","京都府","京都市上京区","真倉町"
"0877","京都府","京都市上京区","桝屋町"
"0877","京都府","京都市上京区","桝屋町河原町通丸太町上る"
"8201","京都府","京都市上京区","桝屋町"
"8201","京都府","京都市上京区","桝屋町笹屋町通大宮西入"
"8201","京都府","京都市上京区","桝屋町笹屋町通智恵光院東入"
"8111","京都府","京都市上京区","桝屋町"
"8111","京都府","京都市上京区","桝屋町西堀川通下長者町下る"
"8111","京都府","京都市上京区","桝屋町西堀川通出水上る"
"0867","京都府","京都市上京区","松蔭町"
"8338","京都府","京都市上京区","松永町"
"0819","京都府","京都市上京区","松之木町"
"8068","京都府","京都市上京区","松之下町"
"8465","京都府","京都市上京区","松屋町"
"8139","京都府","京都市上京区","丸屋町"
"8426","京都府","京都市上京区","曼陀羅町"
"0058","京都府","京都市上京区","水落町"
"8319","京都府","京都市上京区","溝前町"
"8153","京都府","京都市上京区","南伊勢屋町"
"8122","京都府","京都市上京区","南蟹屋町"
"0941","京都府","京都市上京区","南兼康町"
"8253","京都府","京都市上京区","南小大門町"
"8327","京都府","京都市上京区","南佐竹町"
"8108","京都府","京都市上京区","南清水町"
"8321","京都府","京都市上京区","南上善寺町"
"8206","京都府","京都市上京区","南新在家町"
"8248","京都府","京都市上京区","南俵町"
"0865","京都府","京都市上京区","南町"
"8466","京都府","京都市上京区","南辻町"
"0055","京都府","京都市上京区","南舟橋町"
"8217","京都府","京都市上京区","南門前町"
"0853","京都府","京都市上京区","宮垣町"
"0005","京都府","京都市上京区","妙顕寺前町"
"8418","京都府","京都市上京区","妙蓮寺前町"
"0823","京都府","京都市上京区","三芳町"
"0933","京都府","京都市上京区","武者小路町"
"8211","京都府","京都市上京区","村雲町"
"0029","京都府","京都市上京区","室町頭町"
"8435","京都府","京都市上京区","元伊佐町"
"8324","京都府","京都市上京区","元観音町"
"8448","京都府","京都市上京区","元北小路町"
"8001","京都府","京都市上京区","元浄花院町"
"0042","京都府","京都市上京区","元新在家町"
"0926","京都府","京都市上京区","元真如堂町"
"0938","京都府","京都市上京区","元図子町"
"8005","京都府","京都市上京区","元頂妙寺町"
"8006","京都府","京都市上京区","元土御門町"
"8452","京都府","京都市上京区","元中之町"
"0953","京都府","京都市上京区","元百万遍町"
"8113","京都府","京都市上京区","元福大明神町"
"0043","京都府","京都市上京区","元本満寺町"
"8443","京都府","京都市上京区","元妙蓮寺町"
"8464","京都府","京都市上京区","元四丁目"
"8124","京都府","京都市上京区","森中町"
"0011","京都府","京都市上京区","森之木町"
"8028","京都府","京都市上京区","門跡町"
"8447","京都府","京都市上京区","紋屋町"
"8442","京都府","京都市上京区","薬師町"
"8401","京都府","京都市上京区","薬師前町"
"8241","京都府","京都市上京区","役人町"
"0095","京都府","京都市上京区","社突抜町"
"0094","京都府","京都市上京区","社横町"
"0021","京都府","京都市上京区","柳図子町"
"0838","京都府","京都市上京区","柳風呂町"
"8037","京都府","京都市上京区","八幡町"
"8041","京都府","京都市上京区","藪之内町"
"0806","京都府","京都市上京区","藪之下町"
"8268","京都府","京都市上京区","山里町"
"8422","京都府","京都市上京区","山名町"
"8171","京都府","京都市上京区","山本町"
"8366","京都府","京都市上京区","行衛町"
"8022","京都府","京都市上京区","養安町"
"8449","京都府","京都市上京区","横大宮町"
"8223","京都府","京都市上京区","横神明町"
"8117","京都府","京都市上京区","吉野町"
"8112","京都府","京都市上京区","四町目"
"8112","京都府","京都市上京区","四町目西堀川通下立売上る"
"8112","京都府","京都市上京区","四町目西堀川通出水下る"
"8045","京都府","京都市上京区","四町目"
"8045","京都府","京都市上京区","四町目出水通油小路西入"
"8045","京都府","京都市上京区","四町目出水通堀川東入"
"8045","京都府","京都市上京区","四町目出水通堀川東入下る"
"8045","京都府","京都市上京区","四町目出水通東堀川東入"
"8045","京都府","京都市上京区","四町目下立売通堀川東入"
"8045","京都府","京都市上京区","四町目下立売通堀川東入上る"
"8045","京都府","京都市上京区","四町目下立売通堀川東入下る"
"8045","京都府","京都市上京区","四町目東堀川通下立売上る"
"8045","京都府","京都市上京区","四町目東堀川通出水下る"
"8154","京都府","京都市上京区","四町目"
"8154","京都府","京都市上京区","四町目竹屋町通日暮西入"
"8154","京都府","京都市上京区","四町目日暮通竹屋町上る"
"8154","京都府","京都市上京区","四町目日暮通丸太町下る"
"8154","京都府","京都市上京区","四町目日暮通丸太町下る西入"
"8347","京都府","京都市上京区","四番町"
"8343","京都府","京都市上京区","利生町"
"0831","京都府","京都市上京区","立本寺前町"
"8016","京都府","京都市上京区","両御霊町"
"8035","京都府","京都市上京区","六町目"
"8351","京都府","京都市上京区","六番町"
"8331","京都府","京都市上京区","若松町"
"0085","京都府","京都市上京区","若宮竪町"
"0084","京都府","京都市上京区","若宮横町"
"8258","京都府","京都市上京区","和水町"
"8144","京都府","京都市上京区","藁屋町"
