"5147","福島県","会津若松市","大戸町芦牧"
"5111","福島県","会津若松市","大戸町石村"
"5133","福島県","会津若松市","大戸町大川"
"5141","福島県","会津若松市","大戸町小谷川端"
"5142","福島県","会津若松市","大戸町小谷坂下"
"5144","福島県","会津若松市","大戸町小谷西村"
"5143","福島県","会津若松市","大戸町小谷原"
"5145","福島県","会津若松市","大戸町小谷平沢"
"5146","福島県","会津若松市","大戸町小谷湯ノ平"
"5114","福島県","会津若松市","大戸町上雨屋"
"5132","福島県","会津若松市","大戸町上小塩"
"5123","福島県","会津若松市","大戸町上三寄大豆田"
"5122","福島県","会津若松市","大戸町上三寄乙"
"5122","福島県","会津若松市","大戸町上三寄香塩"
"5123","福島県","会津若松市","大戸町上三寄丙"
"5121","福島県","会津若松市","大戸町上三寄南原"
"5112","福島県","会津若松市","大戸町下雨屋"
"5131","福島県","会津若松市","大戸町高川"
"5113","福島県","会津若松市","大戸町宮内"
"3461","福島県","会津若松市","河東町浅山"
"3411","福島県","会津若松市","河東町大田原"
"3401","福島県","会津若松市","河東町岡田"
"3462","福島県","会津若松市","河東町金田"
"3421","福島県","会津若松市","河東町熊野堂"
"3463","福島県","会津若松市","河東町倉橋"
"3464","福島県","会津若松市","河東町工業団地"
"3422","福島県","会津若松市","河東町広野"
"3481","福島県","会津若松市","河東町郡山"
"3482","福島県","会津若松市","河東町谷沢"
"3451","福島県","会津若松市","河東町八田"
"3431","福島県","会津若松市","河東町東長原"
"3471","福島県","会津若松市","河東町広田"
"3402","福島県","会津若松市","河東町福島"
"3441","福島県","会津若松市","河東町南高野"
"3412","福島県","会津若松市","河東町代田"
"6002","福島県","会津若松市","北会津町麻生新田"
"6008","福島県","会津若松市","北会津町大島"
"6182","福島県","会津若松市","北会津町柏原"
"6012","福島県","会津若松市","北会津町金屋"
"6183","福島県","会津若松市","北会津町上米塚"
"6007","福島県","会津若松市","北会津町北後庵"
"6189","福島県","会津若松市","北会津町小松"
"6184","福島県","会津若松市","北会津町三本松"
"6013","福島県","会津若松市","北会津町下野"
"6185","福島県","会津若松市","北会津町下米塚"
"6006","福島県","会津若松市","北会津町新在家"
"6001","福島県","会津若松市","北会津町天満"
"6003","福島県","会津若松市","北会津町西麻生"
"6011","福島県","会津若松市","北会津町西後庵"
"6188","福島県","会津若松市","北会津町東小松"
"6004","福島県","会津若松市","北会津町古麻生"
"6186","福島県","会津若松市","北会津町古館"
"6005","福島県","会津若松市","北会津町松野"
"6015","福島県","会津若松市","北会津町水季の里"
"6180","福島県","会津若松市","北会津町両堂"
"0301","福島県","白河市","大信上新城"
"0302","福島県","白河市","大信隈戸"
"0303","福島県","白河市","大信下小屋"
"0304","福島県","白河市","大信下新城"
"0305","福島県","白河市","大信田園町府"
"0306","福島県","白河市","大信豊地"
"0307","福島県","白河市","大信中新城"
"0308","福島県","白河市","大信増見"
"0309","福島県","白河市","大信町屋"
"3538","福島県","喜多方市","塩川町天沼"
"3514","福島県","喜多方市","塩川町新町"
"3523","福島県","喜多方市","塩川町石橋"
"3532","福島県","喜多方市","塩川町大在家"
"3536","福島県","喜多方市","塩川町大田木"
"3521","福島県","喜多方市","塩川町岡ノ前"
"3535","福島県","喜多方市","塩川町会知"
"3505","福島県","喜多方市","塩川町金橋"
"3532","福島県","喜多方市","塩川町経塚"
"3506","福島県","喜多方市","塩川町窪"
"3539","福島県","喜多方市","塩川町源太屋敷"
"3525","福島県","喜多方市","塩川町黄金田"
"3503","福島県","喜多方市","塩川町五合"
"3527","福島県","喜多方市","塩川町御殿場"
"3532","福島県","喜多方市","塩川町小府根"
"3537","福島県","喜多方市","塩川町四奈川"
"3524","福島県","喜多方市","塩川町清水岸"
"3522","福島県","喜多方市","塩川町新丁"
"3528","福島県","喜多方市","塩川町諏訪北"
"3526","福島県","喜多方市","塩川町諏訪町"
"3525","福島県","喜多方市","塩川町諏訪前"
"3523","福島県","喜多方市","塩川町反町"
"3532","福島県","喜多方市","塩川町高道"
"3524","福島県","喜多方市","塩川町竹ノ花"
"3524","福島県","喜多方市","塩川町舘ノ内"
"3534","福島県","喜多方市","塩川町遠田"
"3502","福島県","喜多方市","塩川町常世"
"3513","福島県","喜多方市","塩川町中町"
"3504","福島県","喜多方市","塩川町中屋沢"
"3531","福島県","喜多方市","塩川町新井田谷地"
"3533","福島県","喜多方市","塩川町新江木"
"3534","福島県","喜多方市","塩川町西ノ新田"
"3521","福島県","喜多方市","塩川町東岡"
"3512","福島県","喜多方市","塩川町東栄町"
"3532","福島県","喜多方市","塩川町藤ノ木"
"3511","福島県","喜多方市","塩川町町北"
"3521","福島県","喜多方市","塩川町身神"
"3501","福島県","喜多方市","塩川町三吉"
"3539","福島県","喜多方市","塩川町吉沖"
"3515","福島県","喜多方市","塩川町米沢町"
"4303","福島県","喜多方市","高郷町揚津"
"4312","福島県","喜多方市","高郷町池ノ原"
"4304","福島県","喜多方市","高郷町磐見"
"4316","福島県","喜多方市","高郷町大田賀"
"4301","福島県","喜多方市","高郷町上郷"
"4314","福島県","喜多方市","高郷町川井"
"4313","福島県","喜多方市","高郷町塩坪"
"4315","福島県","喜多方市","高郷町夏井"
"4311","福島県","喜多方市","高郷町西羽賀"
"4302","福島県","喜多方市","高郷町峯"
"4107","福島県","喜多方市","山都町相川"
"4106","福島県","喜多方市","山都町朝倉"
"4140","福島県","喜多方市","山都町石打場下"
"4147","福島県","喜多方市","山都町石堀古"
"4102","福島県","喜多方市","山都町一川"
"4108","福島県","喜多方市","山都町一ノ木"
"4155","福島県","喜多方市","山都町入海"
"4148","福島県","喜多方市","山都町岩渕"
"4113","福島県","喜多方市","山都町上ノ原道西"
"4112","福島県","喜多方市","山都町上ノ原道東"
"4152","福島県","喜多方市","山都町上ノ山平"
"4126","福島県","喜多方市","山都町馬放場"
"4119","福島県","喜多方市","山都町江戸塚"
"4121","福島県","喜多方市","山都町太田"
"4167","福島県","喜多方市","山都町大林"
"4151","福島県","喜多方市","山都町大山中"
"4168","福島県","喜多方市","山都町金子沢"
"4164","福島県","喜多方市","山都町上石打場"
"4162","福島県","喜多方市","山都町上新田"
"4122","福島県","喜多方市","山都町木曽"
"4139","福島県","喜多方市","山都町北松ノ前"
"4127","福島県","喜多方市","山都町久祢花"
"4111","福島県","喜多方市","山都町蔵ノ後"
"4115","福島県","喜多方市","山都町五十苅"
"4103","福島県","喜多方市","山都町木幡"
"4101","福島県","喜多方市","山都町小舟寺"
"4157","福島県","喜多方市","山都町小松"
"4114","福島県","喜多方市","山都町小山"
"4166","福島県","喜多方市","山都町沢尻"
"4143","福島県","喜多方市","山都町沢田"
"4132","福島県","喜多方市","山都町三ノ宮"
"4116","福島県","喜多方市","山都町清水上"
"4117","福島県","喜多方市","山都町清水尻"
"4163","福島県","喜多方市","山都町下石打場"
"4153","福島県","喜多方市","山都町下殿戸"
"4138","福島県","喜多方市","山都町蛇崩"
"4154","福島県","喜多方市","山都町舘原"
"4141","福島県","喜多方市","山都町田向"
"4144","福島県","喜多方市","山都町殿戸"
"4161","福島県","喜多方市","山都町中石打場"
"4123","福島県","喜多方市","山都町中新田"
"4137","福島県","喜多方市","山都町中野"
"4142","福島県","喜多方市","山都町七十苅"
"4156","福島県","喜多方市","山都町西川"
"4145","福島県","喜多方市","山都町西原"
"4124","福島県","喜多方市","山都町墓ノ後"
"4146","福島県","喜多方市","山都町広古屋敷"
"4135","福島県","喜多方市","山都町広中新田"
"4131","福島県","喜多方市","山都町広野"
"4133","福島県","喜多方市","山都町広葎田"
"4118","福島県","喜多方市","山都町古屋敷"
"4104","福島県","喜多方市","山都町蓬莱"
"4136","福島県","喜多方市","山都町町尻"
"4130","福島県","喜多方市","山都町松ノ前"
"4105","福島県","喜多方市","山都町三津合"
"4165","福島県","喜多方市","山都町三ツ山"
"4134","福島県","喜多方市","山都町葎田"
"4125","福島県","喜多方市","山都町弥左エ門田"
"4149","福島県","喜多方市","山都町谷地"
"4169","福島県","喜多方市","山都町山中"
"4109","福島県","喜多方市","山都町早稲谷"
"1513","福島県","二本松市","小沢"
"1512","福島県","二本松市","上川崎"
"1403","福島県","二本松市","渋川"
"1511","福島県","二本松市","下川崎"
"1405","福島県","二本松市","智恵子の森"
"1404","福島県","二本松市","油井"
"1401","福島県","二本松市","吉倉"
"1402","福島県","二本松市","米沢"
"1100","福島県","本宮市",""
"1107","福島県","本宮市","青田"
"1104","福島県","本宮市","荒井"
"1201","福島県","本宮市","稲沢"
"1106","福島県","本宮市","岩根"
"1203","福島県","本宮市","白岩"
"1105","福島県","本宮市","関下"
"1101","福島県","本宮市","高木"
"1206","福島県","本宮市","長屋"
"1103","福島県","本宮市","仁井田"
"1204","福島県","本宮市","糠沢"
"1202","福島県","本宮市","松沢"
"1176","福島県","本宮市","本宮赤坂"
"1158","福島県","本宮市","本宮天ヶ"
"1125","福島県","本宮市","本宮荒町"
"1139","福島県","本宮市","本宮石塚"
"1112","福島県","本宮市","本宮大榎"
"1166","福島県","本宮市","本宮近江内"
"1144","福島県","本宮市","本宮大森"
"1159","福島県","本宮市","本宮小幡"
"1159","福島県","本宮市","本宮小籏北"
"1161","福島県","本宮市","本宮欠下"
"1129","福島県","本宮市","本宮鍛冶免"
"1141","福島県","本宮市","本宮兼谷"
"1142","福島県","本宮市","本宮兼谷平"
"1117","福島県","本宮市","本宮鹿ノ子田"
"1152","福島県","本宮市","本宮上千束"
"1134","福島県","本宮市","本宮上町"
"1155","福島県","本宮市","本宮懸鉄"
"1162","福島県","本宮市","本宮北川原田"
"1172","福島県","本宮市","本宮北ノ内"
"1167","福島県","本宮市","本宮北山神"
"1136","福島県","本宮市","本宮九縄"
"1169","福島県","本宮市","本宮小原田"
"1148","福島県","本宮市","本宮栄田"
"1111","福島県","本宮市","本宮作田"
"1111","福島県","本宮市","本宮作田台"
"1154","福島県","本宮市","本宮塩田"
"1153","福島県","本宮市","本宮塩田入"
"1176","福島県","本宮市","本宮地蔵堂"
"1118","福島県","本宮市","本宮下台"
"1132","福島県","本宮市","本宮下町"
"1158","福島県","本宮市","本宮蛇ノ鼻"
"1163","福島県","本宮市","本宮白川"
"1156","福島県","本宮市","本宮諏訪"
"1114","福島県","本宮市","本宮関根"
"1157","福島県","本宮市","本宮瀬樋内"
"1152","福島県","本宮市","本宮千束"
"1155","福島県","本宮市","本宮反町"
"1122","福島県","本宮市","本宮大町"
"1175","福島県","本宮市","本宮竹花"
"1115","福島県","本宮市","本宮立石"
"1121","福島県","本宮市","本宮舘ノ越"
"1128","福島県","本宮市","本宮舘町"
"1157","福島県","本宮市","本宮田中"
"1137","福島県","本宮市","本宮太郎丸"
"1151","福島県","本宮市","本宮千代田"
"1135","福島県","本宮市","本宮土樋"
"1127","福島県","本宮市","本宮鉄砲町"
"1171","福島県","本宮市","本宮樋ノ口"
"1167","福島県","本宮市","本宮道屋敷"
"1164","福島県","本宮市","本宮戸崎"
"1109","福島県","本宮市","本宮富ヶ峰"
"1133","福島県","本宮市","本宮中條"
"1165","福島県","本宮市","本宮中台"
"1173","福島県","本宮市","本宮中野"
"1173","福島県","本宮市","本宮中野後"
"1124","福島県","本宮市","本宮仲町"
"1175","福島県","本宮市","本宮名郷"
"1175","福島県","本宮市","本宮名郷脇"
"1156","福島県","本宮市","本宮鍋田"
"1138","福島県","本宮市","本宮鳴瀬"
"1147","福島県","本宮市","本宮花町"
"1126","福島県","本宮市","本宮馬場"
"1149","福島県","本宮市","本宮万世"
"1123","福島県","本宮市","本宮東町"
"1123","福島県","本宮市","本宮東町裏"
"1168","福島県","本宮市","本宮一ッ屋"
"1155","福島県","本宮市","本宮雲雀田"
"1158","福島県","本宮市","本宮平井"
"1135","福島県","本宮市","本宮蛭田"
"1159","福島県","本宮市","本宮広町"
"1155","福島県","本宮市","本宮舞台"
"1116","福島県","本宮市","本宮弁天"
"1113","福島県","本宮市","本宮坊屋敷"
"1108","福島県","本宮市","本宮堀切"
"1162","福島県","本宮市","本宮南河原田"
"1174","福島県","本宮市","本宮南ノ内"
"1131","福島県","本宮市","本宮南町裡"
"1146","福島県","本宮市","本宮南山神"
"1119","福島県","本宮市","本宮柳ノ内"
"1143","福島県","本宮市","本宮山田"
"1129","福島県","本宮市","本宮矢来"
"1145","福島県","本宮市","本宮葭ヶ入"
"1205","福島県","本宮市","和田"
"1600","福島県","伊達郡桑折町",""
"1633","福島県","伊達郡桑折町","赤坂"
"1633","福島県","伊達郡桑折町","一里壇"
"1603","福島県","伊達郡桑折町","上町"
"1623","福島県","伊達郡桑折町","和尚堂"
"1634","福島県","伊達郡桑折町","落合"
"1661","福島県","伊達郡桑折町","上郡"
"1619","福島県","伊達郡桑折町","仮屋"
"1642","福島県","伊達郡桑折町","北半田"
"1601","福島県","伊達郡桑折町","北町"
"1635","福島県","伊達郡桑折町","狐崎"
"1618","福島県","伊達郡桑折町","庫場"
"1613","福島県","伊達郡桑折町","桑島"
"1633","福島県","伊達郡桑折町","界"
"1615","福島県","伊達郡桑折町","沢"
"1608","福島県","伊達郡桑折町","芝堤"
"1662","福島県","伊達郡桑折町","下郡"
"1631","福島県","伊達郡桑折町","白銀"
"1628","福島県","伊達郡桑折町","新町"
"1617","福島県","伊達郡桑折町","陣屋"
"1625","福島県","伊達郡桑折町","新吉町"
"1624","福島県","伊達郡桑折町","新和町"
"1634","福島県","伊達郡桑折町","杉ノ前"
"1634","福島県","伊達郡桑折町","砂子沢"
"1627","福島県","伊達郡桑折町","諏訪"
"1605","福島県","伊達郡桑折町","堰合"
"1604","福島県","伊達郡桑折町","堰下"
"1632","福島県","伊達郡桑折町","田植"
"1616","福島県","伊達郡桑折町","舘"
"1663","福島県","伊達郡桑折町","伊達崎"
"1626","福島県","伊達郡桑折町","寺坂"
"1621","福島県","伊達郡桑折町","道場前"
"1652","福島県","伊達郡桑折町","成田"
"1612","福島県","伊達郡桑折町","西大隅"
"1607","福島県","伊達郡桑折町","西段"
"1629","福島県","伊達郡桑折町","西町"
"1611","福島県","伊達郡桑折町","東大隅"
"1606","福島県","伊達郡桑折町","東段"
"1635","福島県","伊達郡桑折町","東八串"
"1654","福島県","伊達郡桑折町","平沢"
"1602","福島県","伊達郡桑折町","町裏"
"1653","福島県","伊達郡桑折町","松原"
"1651","福島県","伊達郡桑折町","万正寺"
"1641","福島県","伊達郡桑折町","南半田"
"1622","福島県","伊達郡桑折町","南町"
"1614","福島県","伊達郡桑折町","本町"
"1643","福島県","伊達郡桑折町","谷地"
"1631","福島県","伊達郡桑折町","薮内"
"1700","福島県","伊達郡国見町",""
"1701","福島県","伊達郡国見町","石母田"
"1782","福島県","伊達郡国見町","泉田"
"1785","福島県","伊達郡国見町","板橋南"
"1781","福島県","伊達郡国見町","内谷"
"1713","福島県","伊達郡国見町","大木戸"
"1711","福島県","伊達郡国見町","貝田"
"1721","福島県","伊達郡国見町","川内"
"1712","福島県","伊達郡国見町","光明寺"
"1784","福島県","伊達郡国見町","小坂"
"1788","福島県","伊達郡国見町","小坂南"
"1786","福島県","伊達郡国見町","新泉田"
"1780","福島県","伊達郡国見町","新内谷"
"1787","福島県","伊達郡国見町","新小坂"
"1789","福島県","伊達郡国見町","新鳥取"
"1714","福島県","伊達郡国見町","高城"
"1751","福島県","伊達郡国見町","塚野目"
"1741","福島県","伊達郡国見町","徳江"
"1783","福島県","伊達郡国見町","鳥取"
"1722","福島県","伊達郡国見町","西大枝"
"1761","福島県","伊達郡国見町","藤田"
"1731","福島県","伊達郡国見町","森山"
"1771","福島県","伊達郡国見町","山崎"
"1300","福島県","安達郡大玉村",""
"1301","福島県","安達郡大玉村","大山"
"1302","福島県","安達郡大玉村","玉井"
"0400","福島県","岩瀬郡鏡石町",""
"0404","福島県","岩瀬郡鏡石町","旭町"
"0402","福島県","岩瀬郡鏡石町","池の台"
"0401","福島県","岩瀬郡鏡石町","池ノ原"
"0401","福島県","岩瀬郡鏡石町","大池"
"0402","福島県","岩瀬郡鏡石町","大宮"
"0404","福島県","岩瀬郡鏡石町","大山"
"0401","福島県","岩瀬郡鏡石町","岡ノ内"
"0404","福島県","岩瀬郡鏡石町","岡の台"
"0401","福島県","岩瀬郡鏡石町","鏡田かげ沼町"
"0401","福島県","岩瀬郡鏡石町","鏡沼"
"0404","福島県","岩瀬郡鏡石町","笠石"
"0404","福島県","岩瀬郡鏡石町","笠石原町"
"0401","福島県","岩瀬郡鏡石町","鹿島"
"0401","福島県","岩瀬郡鏡石町","蒲之沢町"
"0403","福島県","岩瀬郡鏡石町","借宿"
"0401","福島県","岩瀬郡鏡石町","川崎町"
"0402","福島県","岩瀬郡鏡石町","河原"
"0402","福島県","岩瀬郡鏡石町","北町"
"0403","福島県","岩瀬郡鏡石町","久来石"
"0403","福島県","岩瀬郡鏡石町","久来石南"
"0403","福島県","岩瀬郡鏡石町","小栗山"
"0401","福島県","岩瀬郡鏡石町","五斗蒔町"
"0401","福島県","岩瀬郡鏡石町","境"
"0403","福島県","岩瀬郡鏡石町","桜岡"
"0401","福島県","岩瀬郡鏡石町","桜町"
"0403","福島県","岩瀬郡鏡石町","城ノ内"
"0402","福島県","岩瀬郡鏡石町","新町"
"0402","福島県","岩瀬郡鏡石町","諏訪町"
"0401","福島県","岩瀬郡鏡石町","高久田"
"0404","福島県","岩瀬郡鏡石町","中央"
"0403","福島県","岩瀬郡鏡石町","堂前"
"0404","福島県","岩瀬郡鏡石町","豊郷"
"0404","福島県","岩瀬郡鏡石町","豊郷中"
"0401","福島県","岩瀬郡鏡石町","豊田"
"0404","福島県","岩瀬郡鏡石町","中町"
"0402","福島県","岩瀬郡鏡石町","成田"
"0402","福島県","岩瀬郡鏡石町","成田原町"
"0402","福島県","岩瀬郡鏡石町","成田東"
"0401","福島県","岩瀬郡鏡石町","仁井田"
"0404","福島県","岩瀬郡鏡石町","羽鳥"
"0401","福島県","岩瀬郡鏡石町","東鹿島"
"0402","福島県","岩瀬郡鏡石町","東河原"
"0404","福島県","岩瀬郡鏡石町","東町"
"0401","福島県","岩瀬郡鏡石町","深内町"
"0401","福島県","岩瀬郡鏡石町","不時沼"
"0404","福島県","岩瀬郡鏡石町","堀米"
"0401","福島県","岩瀬郡鏡石町","前山"
"0404","福島県","岩瀬郡鏡石町","緑町"
"0401","福島県","岩瀬郡鏡石町","南高久田"
"0404","福島県","岩瀬郡鏡石町","南町"
"0401","福島県","岩瀬郡鏡石町","本町"
"5300","福島県","南会津郡下郷町",""
"5333","福島県","南会津郡下郷町","合川"
"5315","福島県","南会津郡下郷町","荒石"
"5331","福島県","南会津郡下郷町","澳田"
"5316","福島県","南会津郡下郷町","石井"
"5318","福島県","南会津郡下郷町","磯上"
"5326","福島県","南会津郡下郷町","栄富"
"5202","福島県","南会津郡下郷町","枝松"
"5207","福島県","南会津郡下郷町","大内"
"5205","福島県","南会津郡下郷町","大沢"
"5334","福島県","南会津郡下郷町","大松川"
"5343","福島県","南会津郡下郷町","落合"
"5342","福島県","南会津郡下郷町","音金"
"5208","福島県","南会津郡下郷町","小沼崎"
"5323","福島県","南会津郡下郷町","桑取火"
"5321","福島県","南会津郡下郷町","沢口"
"5344","福島県","南会津郡下郷町","沢田"
"5345","福島県","南会津郡下郷町","塩生"
"5317","福島県","南会津郡下郷町","志源行"
"5203","福島県","南会津郡下郷町","白岩"
"5201","福島県","南会津郡下郷町","高陦"
"5312","福島県","南会津郡下郷町","戸赤"
"5311","福島県","南会津郡下郷町","豊成"
"5332","福島県","南会津郡下郷町","中妻"
"5325","福島県","南会津郡下郷町","中山"
"5335","福島県","南会津郡下郷町","南倉沢"
"5341","福島県","南会津郡下郷町","野際新田"
"5313","福島県","南会津郡下郷町","原"
"5314","福島県","南会津郡下郷町","日影"
"5204","福島県","南会津郡下郷町","弥五島"
"5324","福島県","南会津郡下郷町","安張"
"5206","福島県","南会津郡下郷町","湯野上"
"5322","福島県","南会津郡下郷町","領毛"
"2701","福島県","耶麻郡北塩原村","桧原"
"2701","福島県","耶麻郡北塩原村","桧原秋元"
"2701","福島県","耶麻郡北塩原村","桧原荒砂沢山"
"2701","福島県","耶麻郡北塩原村","桧原裏磐梯"
"2701","福島県","耶麻郡北塩原村","桧原大府平"
"2701","福島県","耶麻郡北塩原村","桧原大府平原"
"2701","福島県","耶麻郡北塩原村","桧原小野川"
"2701","福島県","耶麻郡北塩原村","桧原小野川原"
"2701","福島県","耶麻郡北塩原村","桧原剣ケ峯"
"2701","福島県","耶麻郡北塩原村","桧原狐鷹森"
"2701","福島県","耶麻郡北塩原村","桧原五色沼"
"2701","福島県","耶麻郡北塩原村","桧原甚九郎沢山"
"2701","福島県","耶麻郡北塩原村","桧原甚九郎山"
"2701","福島県","耶麻郡北塩原村","桧原曽原山"
"2701","福島県","耶麻郡北塩原村","桧原寺沢山"
"2701","福島県","耶麻郡北塩原村","桧原蛇平原山"
"2701","福島県","耶麻郡北塩原村","桧原湯平山"
"2701","福島県","耶麻郡北塩原村","桧原簗部沢山"
"4400","福島県","耶麻郡西会津町",""
"4734","福島県","耶麻郡西会津町","奥川飯里"
"4732","福島県","耶麻郡西会津町","奥川飯沢"
"4731","福島県","耶麻郡西会津町","奥川飯根"
"4733","福島県","耶麻郡西会津町","奥川大綱木"
"4737","福島県","耶麻郡西会津町","奥川高陽根"
"4735","福島県","耶麻郡西会津町","奥川豊島"
"4736","福島県","耶麻郡西会津町","奥川元島"
"4402","福島県","耶麻郡西会津町","尾野本"
"4512","福島県","耶麻郡西会津町","上野尻"
"4405","福島県","耶麻郡西会津町","下谷"
"4515","福島県","耶麻郡西会津町","下野尻"
"4622","福島県","耶麻郡西会津町","新郷笹川"
"4623","福島県","耶麻郡西会津町","新郷豊洲"
"4621","福島県","耶麻郡西会津町","新郷冨士"
"4624","福島県","耶麻郡西会津町","新郷三河"
"4403","福島県","耶麻郡西会津町","束松"
"4401","福島県","耶麻郡西会津町","登世島"
"4406","福島県","耶麻郡西会津町","野沢"
"4514","福島県","耶麻郡西会津町","宝坂宝坂"
"4513","福島県","耶麻郡西会津町","宝坂屋敷"
"4404","福島県","耶麻郡西会津町","睦合"
"4511","福島県","耶麻郡西会津町","群岡"
"3300","福島県","耶麻郡磐梯町",""
"3303","福島県","耶麻郡磐梯町","赤枝"
"3304","福島県","耶麻郡磐梯町","大谷"
"3302","福島県","耶麻郡磐梯町","更科"
"3301","福島県","耶麻郡磐梯町","磐梯"
"3100","福島県","耶麻郡猪苗代町",""
"3121","福島県","耶麻郡猪苗代町","芦原"
"3122","福島県","耶麻郡猪苗代町","新町"
"3101","福島県","耶麻郡猪苗代町","家ノ前"
"3111","福島県","耶麻郡猪苗代町","雷"
"3111","福島県","耶麻郡猪苗代町","出雲壇"
"3111","福島県","耶麻郡猪苗代町","板橋北"
"3131","福島県","耶麻郡猪苗代町","今泉"
"3141","福島県","耶麻郡猪苗代町","磐里"
"3286","福島県","耶麻郡猪苗代町","磐根"
"3101","福島県","耶麻郡猪苗代町","上ノ山"
"3102","福島県","耶麻郡猪苗代町","右近山"
"3121","福島県","耶麻郡猪苗代町","裏町"
"3111","福島県","耶麻郡猪苗代町","太田"
"3111","福島県","耶麻郡猪苗代町","太田西"
"3113","福島県","耶麻郡猪苗代町","大道西"
"3101","福島県","耶麻郡猪苗代町","大谷地"
"3285","福島県","耶麻郡猪苗代町","翁沢"
"3111","福島県","耶麻郡猪苗代町","小黒川"
"3283","福島県","耶麻郡猪苗代町","長田"
"3121","福島県","耶麻郡猪苗代町","オヒテ川"
"3122","福島県","耶麻郡猪苗代町","カキ田"
"3122","福島県","耶麻郡猪苗代町","ガギ田"
"3101","福島県","耶麻郡猪苗代町","欠上り"
"3132","福島県","耶麻郡猪苗代町","堅田"
"2272","福島県","耶麻郡猪苗代町","金田"
"3103","福島県","耶麻郡猪苗代町","鹿野境"
"3121","福島県","耶麻郡猪苗代町","上ザル田"
"3103","福島県","耶麻郡猪苗代町","上村前"
"3103","福島県","耶麻郡猪苗代町","上村東"
"3131","福島県","耶麻郡猪苗代町","上屋敷"
"2663","福島県","耶麻郡猪苗代町","川桁"
"3101","福島県","耶麻郡猪苗代町","北ノ林"
"3113","福島県","耶麻郡猪苗代町","北半坂"
"3101","福島県","耶麻郡猪苗代町","行人壇"
"3103","福島県","耶麻郡猪苗代町","桐木沢"
"3111","福島県","耶麻郡猪苗代町","窪田"
"3111","福島県","耶麻郡猪苗代町","窪ノ内"
"3111","福島県","耶麻郡猪苗代町","窪南"
"3101","福島県","耶麻郡猪苗代町","グミ沢原"
"2752","福島県","耶麻郡猪苗代町","蚕養"
"3123","福島県","耶麻郡猪苗代町","古城跡"
"3123","福島県","耶麻郡猪苗代町","古城町"
"3111","福島県","耶麻郡猪苗代町","御三壇"
"3111","福島県","耶麻郡猪苗代町","五百苅"
"3103","福島県","耶麻郡猪苗代町","五輪原"
"3122","福島県","耶麻郡猪苗代町","坂下"
"3111","福島県","耶麻郡猪苗代町","猿壇"
"3282","福島県","耶麻郡猪苗代町","酸奨沢"
"3101","福島県","耶麻郡猪苗代町","渋谷"
"3101","福島県","耶麻郡猪苗代町","清水"
"3101","福島県","耶麻郡猪苗代町","清水端"
"3131","福島県","耶麻郡猪苗代町","下園"
"3101","福島県","耶麻郡猪苗代町","下辺沢"
"3101","福島県","耶麻郡猪苗代町","菖蒲田"
"3123","福島県","耶麻郡猪苗代町","城南"
"3113","福島県","耶麻郡猪苗代町","新地"
"3101","福島県","耶麻郡猪苗代町","新堀田東"
"3131","福島県","耶麻郡猪苗代町","新堀向"
"3101","福島県","耶麻郡猪苗代町","新堀西"
"3103","福島県","耶麻郡猪苗代町","諏訪前"
"3103","福島県","耶麻郡猪苗代町","諏訪東"
"3103","福島県","耶麻郡猪苗代町","諏訪西"
"2273","福島県","耶麻郡猪苗代町","関都"
"3101","福島県","耶麻郡猪苗代町","堰間上"
"3101","福島県","耶麻郡猪苗代町","芹沢"
"3113","福島県","耶麻郡猪苗代町","茶園"
"3133","福島県","耶麻郡猪苗代町","千代田"
"3122","福島県","耶麻郡猪苗代町","塚田"
"3121","福島県","耶麻郡猪苗代町","津金沢"
"3101","福島県","耶麻郡猪苗代町","土湯沢山"
"3112","福島県","耶麻郡猪苗代町","堤"
"3113","福島県","耶麻郡猪苗代町","堤下"
"3113","福島県","耶麻郡猪苗代町","堤北"
"2274","福島県","耶麻郡猪苗代町","壺楊"
"3123","福島県","耶麻郡猪苗代町","鶴田"
"3113","福島県","耶麻郡猪苗代町","鶴峰西"
"3112","福島県","耶麻郡猪苗代町","寺後"
"3121","福島県","耶麻郡猪苗代町","寺東"
"3113","福島県","耶麻郡猪苗代町","樋場"
"3113","福島県","耶麻郡猪苗代町","樋場道下"
"3101","福島県","耶麻郡猪苗代町","土手間"
"2271","福島県","耶麻郡猪苗代町","中小松"
"3112","福島県","耶麻郡猪苗代町","中町"
"3101","福島県","耶麻郡猪苗代町","中道西"
"3101","福島県","耶麻郡猪苗代町","長坂"
"3121","福島県","耶麻郡猪苗代町","梨木西"
"3113","福島県","耶麻郡猪苗代町","並杉西"
"3131","福島県","耶麻郡猪苗代町","西舘"
"3281","福島県","耶麻郡猪苗代町","西葉山"
"3102","福島県","耶麻郡猪苗代町","西峰"
"3111","福島県","耶麻郡猪苗代町","二丁田"
"3111","福島県","耶麻郡猪苗代町","沼田"
"3101","福島県","耶麻郡猪苗代町","沼ノ倉"
"3102","福島県","耶麻郡猪苗代町","猫石山"
"3103","福島県","耶麻郡猪苗代町","禰次"
"3113","福島県","耶麻郡猪苗代町","土町"
"3113","福島県","耶麻郡猪苗代町","土町西裡"
"3113","福島県","耶麻郡猪苗代町","土町南"
"3103","福島県","耶麻郡猪苗代町","ハノ木沢"
"3112","福島県","耶麻郡猪苗代町","馬場"
"3103","福島県","耶麻郡猪苗代町","林崎"
"3102","福島県","耶麻郡猪苗代町","葉山"
"3113","福島県","耶麻郡猪苗代町","半坂"
"3111","福島県","耶麻郡猪苗代町","東町裏"
"3131","福島県","耶麻郡猪苗代町","東谷地"
"3102","福島県","耶麻郡猪苗代町","雛草"
"3101","福島県","耶麻郡猪苗代町","琵琶沢原"
"3287","福島県","耶麻郡猪苗代町","不動"
"3112","福島県","耶麻郡猪苗代町","弁才天西"
"3101","福島県","耶麻郡猪苗代町","辺沢"
"3101","福島県","耶麻郡猪苗代町","程塚"
"3103","福島県","耶麻郡猪苗代町","町島田"
"3122","福島県","耶麻郡猪苗代町","町尻"
"3121","福島県","耶麻郡猪苗代町","町東"
"3113","福島県","耶麻郡猪苗代町","町西"
"2661","福島県","耶麻郡猪苗代町","三郷"
"3101","福島県","耶麻郡猪苗代町","三ツ屋"
"3284","福島県","耶麻郡猪苗代町","三ツ和"
"3113","福島県","耶麻郡猪苗代町","南半坂"
"3102","福島県","耶麻郡猪苗代町","見禰"
"3102","福島県","耶麻郡猪苗代町","見禰山"
"3111","福島県","耶麻郡猪苗代町","明円"
"3101","福島県","耶麻郡猪苗代町","村中"
"3111","福島県","耶麻郡猪苗代町","村東下"
"3111","福島県","耶麻郡猪苗代町","村東"
"3131","福島県","耶麻郡猪苗代町","村南"
"3101","福島県","耶麻郡猪苗代町","村北"
"3122","福島県","耶麻郡猪苗代町","本町"
"2662","福島県","耶麻郡猪苗代町","八幡"
"3101","福島県","耶麻郡猪苗代町","山神原"
"2275","福島県","耶麻郡猪苗代町","山潟"
"3121","福島県","耶麻郡猪苗代町","横まくり"
"3121","福島県","耶麻郡猪苗代町","横マクリ"
"3141","福島県","耶麻郡猪苗代町","六角"
"2751","福島県","耶麻郡猪苗代町","若宮"
"3288","福島県","耶麻郡猪苗代町","綿場"
"6500","福島県","河沼郡会津坂下町",""
"6517","福島県","河沼郡会津坂下町","合川"
"6511","福島県","河沼郡会津坂下町","青木"
"6518","福島県","河沼郡会津坂下町","青津"
"6535","福島県","河沼郡会津坂下町","家ノ前乙"
"6553","福島県","河沼郡会津坂下町","石田"
"6563","福島県","河沼郡会津坂下町","市中新町甲"
"6536","福島県","河沼郡会津坂下町","市中一番甲"
"6543","福島県","河沼郡会津坂下町","市中二番甲"
"6547","福島県","河沼郡会津坂下町","市中三番甲"
"6557","福島県","河沼郡会津坂下町","市中四番甲"
"6562","福島県","河沼郡会津坂下町","一丁田甲"
"6566","福島県","河沼郡会津坂下町","稲荷塚"
"6537","福島県","河沼郡会津坂下町","戌亥乙"
"6576","福島県","河沼郡会津坂下町","牛川"
"6503","福島県","河沼郡会津坂下町","宇内"
"6538","福島県","河沼郡会津坂下町","姥ケ下乙"
"6523","福島県","河沼郡会津坂下町","海老細"
"6519","福島県","河沼郡会津坂下町","御池田"
"6573","福島県","河沼郡会津坂下町","大沖"
"6507","福島県","河沼郡会津坂下町","大上"
"6544","福島県","河沼郡会津坂下町","大堀川西甲"
"6534","福島県","河沼郡会津坂下町","小川原"
"6525","福島県","河沼郡会津坂下町","開津"
"6581","福島県","河沼郡会津坂下町","片門"
"6575","福島県","河沼郡会津坂下町","勝大"
"6521","福島県","河沼郡会津坂下町","金上"
"6538","福島県","河沼郡会津坂下町","上窪道北乙"
"6541","福島県","河沼郡会津坂下町","上四十石甲"
"6538","福島県","河沼郡会津坂下町","上沼ノ上丙"
"6533","福島県","河沼郡会津坂下町","上ノ台乙"
"6534","福島県","河沼郡会津坂下町","北小川原乙"
"6556","福島県","河沼郡会津坂下町","北逆水甲"
"6583","福島県","河沼郡会津坂下町","気多宮"
"6542","福島県","河沼郡会津坂下町","光明寺東甲"
"6514","福島県","河沼郡会津坂下町","五香"
"6545","福島県","河沼郡会津坂下町","五反田"
"6526","福島県","河沼郡会津坂下町","五ノ併"
"6556","福島県","河沼郡会津坂下町","逆水"
"6586","福島県","河沼郡会津坂下町","坂本"
"6555","福島県","河沼郡会津坂下町","沢ノ目"
"6541","福島県","河沼郡会津坂下町","四十石"
"6531","福島県","河沼郡会津坂下町","上口"
"6528","福島県","河沼郡会津坂下町","新開津"
"6553","福島県","河沼郡会津坂下町","西南町裏甲"
"6565","福島県","河沼郡会津坂下町","惣六"
"6561","福島県","河沼郡会津坂下町","大道"
"6533","福島県","河沼郡会津坂下町","台ノ下"
"6582","福島県","河沼郡会津坂下町","高寺"
"6513","福島県","河沼郡会津坂下町","立川"
"6552","福島県","河沼郡会津坂下町","舘ノ内甲"
"6551","福島県","河沼郡会津坂下町","舘ノ下"
"6587","福島県","河沼郡会津坂下町","束松"
"6548","福島県","河沼郡会津坂下町","茶屋町甲"
"6524","福島県","河沼郡会津坂下町","束原"
"6502","福島県","河沼郡会津坂下町","津尻"
"6574","福島県","河沼郡会津坂下町","樋島"
"6584","福島県","河沼郡会津坂下町","塔寺"
"6544","福島県","河沼郡会津坂下町","東南町裏甲"
"6516","福島県","河沼郡会津坂下町","中泉"
"6564","福島県","河沼郡会津坂下町","中岩田"
"6562","福島県","河沼郡会津坂下町","中岡甲"
"6501","福島県","河沼郡会津坂下町","長井"
"6505","福島県","河沼郡会津坂下町","新舘"
"6537","福島県","河沼郡会津坂下町","西ノ宮乙"
"6512","福島県","河沼郡会津坂下町","沼越"
"6567","福島県","河沼郡会津坂下町","沼田甲"
"6572","福島県","河沼郡会津坂下町","羽林"
"6534","福島県","河沼郡会津坂下町","原道東甲"
"6532","福島県","河沼郡会津坂下町","東川前丙"
"6531","福島県","河沼郡会津坂下町","東上口甲"
"6535","福島県","河沼郡会津坂下町","東屋敷添乙"
"6571","福島県","河沼郡会津坂下町","白狐"
"6527","福島県","河沼郡会津坂下町","福原"
"6515","福島県","河沼郡会津坂下町","福原前"
"6585","福島県","河沼郡会津坂下町","船杉"
"6539","福島県","河沼郡会津坂下町","古市乙"
"6549","福島県","河沼郡会津坂下町","古町川尻"
"6542","福島県","河沼郡会津坂下町","古屋敷甲"
"6546","福島県","河沼郡会津坂下町","曲田"
"6554","福島県","河沼郡会津坂下町","松ノ目"
"6519","福島県","河沼郡会津坂下町","三谷"
"6532","福島県","河沼郡会津坂下町","道下丙"
"6506","福島県","河沼郡会津坂下町","見明"
"6522","福島県","河沼郡会津坂下町","宮古"
"6504","福島県","河沼郡会津坂下町","八日沢"
"3500","福島県","河沼郡湯川村",""
"3543","福島県","河沼郡湯川村","笈川"
"3554","福島県","河沼郡湯川村","熊ノ目"
"3545","福島県","河沼郡湯川村","桜町"
"3555","福島県","河沼郡湯川村","佐野目"
"3544","福島県","河沼郡湯川村","清水田"
"3556","福島県","河沼郡湯川村","勝常"
"3553","福島県","河沼郡湯川村","田川"
"3551","福島県","河沼郡湯川村","堂畑"
"3541","福島県","河沼郡湯川村","浜崎"
"3552","福島県","河沼郡湯川村","三川"
"3546","福島県","河沼郡湯川村","美田園"
"3542","福島県","河沼郡湯川村","湊"
"7200","福島県","河沼郡柳津町",""
"7206","福島県","河沼郡柳津町","飯谷"
"7204","福島県","河沼郡柳津町","猪倉野"
"7323","福島県","河沼郡柳津町","芋小屋"
"7325","福島県","河沼郡柳津町","大成沢"
"7202","福島県","河沼郡柳津町","大柳"
"7324","福島県","河沼郡柳津町","胄中"
"7203","福島県","河沼郡柳津町","軽井沢"
"7312","福島県","河沼郡柳津町","久保田"
"7322","福島県","河沼郡柳津町","黒沢"
"7205","福島県","河沼郡柳津町","郷戸"
"7313","福島県","河沼郡柳津町","五畳敷"
"7207","福島県","河沼郡柳津町","小椿"
"7321","福島県","河沼郡柳津町","砂子原"
"7326","福島県","河沼郡柳津町","琵琶首"
"7208","福島県","河沼郡柳津町","藤"
"7209","福島県","河沼郡柳津町","細八"
"7314","福島県","河沼郡柳津町","牧沢"
"7201","福島県","河沼郡柳津町","柳津"
"7311","福島県","河沼郡柳津町","湯八木沢"
"7315","福島県","河沼郡柳津町","四つ谷"
"7500","福島県","大沼郡三島町",""
"7518","福島県","大沼郡三島町","浅岐"
"7407","福島県","大沼郡三島町","大石田"
"7517","福島県","大沼郡三島町","大谷"
"7516","福島県","大沼郡三島町","大登"
"7515","福島県","大沼郡三島町","川井"
"7512","福島県","大沼郡三島町","桑原"
"7403","福島県","大沼郡三島町","小山"
"7404","福島県","大沼郡三島町","高清水"
"7405","福島県","大沼郡三島町","滝原"
"7514","福島県","大沼郡三島町","滝谷"
"7402","福島県","大沼郡三島町","名入"
"7401","福島県","大沼郡三島町","西方"
"7406","福島県","大沼郡三島町","早戸"
"7413","福島県","大沼郡三島町","桧原"
"7413","福島県","大沼郡三島町","桧原小和瀬"
"7513","福島県","大沼郡三島町","桧原"
"7519","福島県","大沼郡三島町","間方"
"7511","福島県","大沼郡三島町","宮下"
"6200","福島県","大沼郡会津美里町",""
"6272","福島県","大沼郡会津美里町","赤留"
"6222","福島県","大沼郡会津美里町","旭市川"
"6226","福島県","大沼郡会津美里町","旭杉原"
"6221","福島県","大沼郡会津美里町","旭館端"
"6223","福島県","大沼郡会津美里町","旭寺入"
"6225","福島県","大沼郡会津美里町","旭三寄"
"6224","福島県","大沼郡会津美里町","旭無量"
"6351","福島県","大沼郡会津美里町","穴田"
"6352","福島県","大沼郡会津美里町","穴田乙"
"6266","福島県","大沼郡会津美里町","油田"
"6171","福島県","大沼郡会津美里町","荒井"
"6027","福島県","大沼郡会津美里町","荒井甲"
"6161","福島県","大沼郡会津美里町","荒井前"
"6111","福島県","大沼郡会津美里町","家西"
"6037","福島県","大沼郡会津美里町","家西甲"
"6206","福島県","大沼郡会津美里町","家ノ下"
"6112","福島県","大沼郡会津美里町","家東甲"
"6151","福島県","大沼郡会津美里町","石切畑"
"6046","福島県","大沼郡会津美里町","石切畑甲"
"6307","福島県","大沼郡会津美里町","石田甲"
"6036","福島県","大沼郡会津美里町","上野川原"
"6261","福島県","大沼郡会津美里町","内川原"
"6261","福島県","大沼郡会津美里町","梅ノ木"
"6265","福島県","大沼郡会津美里町","漆原北"
"6407","福島県","大沼郡会津美里町","上平"
"6061","福島県","大沼郡会津美里町","上町甲"
"6101","福島県","大沼郡会津美里町","駅前"
"6121","福島県","大沼郡会津美里町","延命寺前"
"6306","福島県","大沼郡会津美里町","延命寺前乙"
"6305","福島県","大沼郡会津美里町","延命寺前甲"
"6131","福島県","大沼郡会津美里町","大石"
"6057","福島県","大沼郡会津美里町","大川端甲"
"6141","福島県","大沼郡会津美里町","大八郷"
"6333","福島県","大沼郡会津美里町","大八郷乙"
"6173","福島県","大沼郡会津美里町","大道上"
"6022","福島県","大沼郡会津美里町","大道上甲"
"6242","福島県","大沼郡会津美里町","大室"
"6254","福島県","大沼郡会津美里町","荻窪"
"6343","福島県","大沼郡会津美里町","沖田"
"6265","福島県","大沼郡会津美里町","御蔵南"
"6409","福島県","大沼郡会津美里町","小沢"
"6231","福島県","大沼郡会津美里町","尾岐窪"
"6051","福島県","大沼郡会津美里町","思堀"
"6102","福島県","大沼郡会津美里町","思堀向"
"6205","福島県","大沼郡会津美里町","御田"
"6262","福島県","大沼郡会津美里町","鹿島"
"6213","福島県","大沼郡会津美里町","勝原"
"6103","福島県","大沼郡会津美里町","上村北"
"6104","福島県","大沼郡会津美里町","上村西道上"
"6104","福島県","大沼郡会津美里町","上村西道下"
"6105","福島県","大沼郡会津美里町","上村東"
"6105","福島県","大沼郡会津美里町","上村南"
"6265","福島県","大沼郡会津美里町","川添"
"6159","福島県","大沼郡会津美里町","川原町北"
"6041","福島県","大沼郡会津美里町","川原町"
"6024","福島県","大沼郡会津美里町","川原町北甲"
"6152","福島県","大沼郡会津美里町","川原町甲"
"6262","福島県","大沼郡会津美里町","観音北"
"6154","福島県","大沼郡会津美里町","北浦"
"6045","福島県","大沼郡会津美里町","北浦甲"
"6155","福島県","大沼郡会津美里町","北川原"
"6047","福島県","大沼郡会津美里町","北川原甲"
"6316","福島県","大沼郡会津美里町","北原"
"6318","福島県","大沼郡会津美里町","北原乙"
"6317","福島県","大沼郡会津美里町","北原甲"
"6342","福島県","大沼郡会津美里町","倉田"
"6113","福島県","大沼郡会津美里町","車川原"
"6068","福島県","大沼郡会津美里町","車川原甲"
"6052","福島県","大沼郡会津美里町","黒川"
"6106","福島県","大沼郡会津美里町","黒川内"
"6163","福島県","大沼郡会津美里町","黒沢"
"6304","福島県","大沼郡会津美里町","黒沢甲"
"6062","福島県","大沼郡会津美里町","御用地"
"6114","福島県","大沼郡会津美里町","御用地跡"
"6063","福島県","大沼郡会津美里町","御用地跡甲"
"6038","福島県","大沼郡会津美里町","御用地甲"
"6023","福島県","大沼郡会津美里町","近右エ門田"
"6174","福島県","大沼郡会津美里町","権現堂"
"6025","福島県","大沼郡会津美里町","権現堂甲"
"6261","福島県","大沼郡会津美里町","権現宮"
"6261","福島県","大沼郡会津美里町","権現宮甲"
"6261","福島県","大沼郡会津美里町","権現宮南"
"6261","福島県","大沼郡会津美里町","権現宮南甲"
"6404","福島県","大沼郡会津美里町","境野"
"6406","福島県","大沼郡会津美里町","佐賀瀬川"
"6206","福島県","大沼郡会津美里町","坂ノ下道上"
"6206","福島県","大沼郡会津美里町","坂ノ下道下"
"6206","福島県","大沼郡会津美里町","坂ノ下道下甲"
"6206","福島県","大沼郡会津美里町","佐布川"
"6029","福島県","大沼郡会津美里町","三本松甲"
"6314","福島県","大沼郡会津美里町","清水川甲"
"6311","福島県","大沼郡会津美里町","清水台"
"6312","福島県","大沼郡会津美里町","清水台甲"
"6166","福島県","大沼郡会津美里町","下川原"
"6313","福島県","大沼郡会津美里町","下川原甲"
"6215","福島県","大沼郡会津美里町","下堀"
"6256","福島県","大沼郡会津美里町","上戸原"
"6115","福島県","大沼郡会津美里町","新町"
"6267","福島県","大沼郡会津美里町","新丁西"
"6266","福島県","大沼郡会津美里町","新丁屋敷"
"6402","福島県","大沼郡会津美里町","新屋敷"
"6107","福島県","大沼郡会津美里町","新用地"
"6162","福島県","大沼郡会津美里町","杉"
"6301","福島県","大沼郡会津美里町","杉甲"
"6253","福島県","大沼郡会津美里町","杉屋"
"6274","福島県","大沼郡会津美里町","雀林"
"6263","福島県","大沼郡会津美里町","清竜寺北"
"6108","福島県","大沼郡会津美里町","堰下"
"6033","福島県","大沼郡会津美里町","堰向"
"6034","福島県","大沼郡会津美里町","堰向甲"
"6116","福島県","大沼郡会津美里町","瀬戸町"
"6042","福島県","大沼郡会津美里町","瀬戸町甲"
"6044","福島県","大沼郡会津美里町","瀬戸屋前"
"6156","福島県","大沼郡会津美里町","瀬戸屋前甲"
"6055","福島県","大沼郡会津美里町","惣印甲"
"6056","福島県","大沼郡会津美里町","惣印東"
"6054","福島県","大沼郡会津美里町","惣印南"
"6109","福島県","大沼郡会津美里町","宗頤町"
"6262","福島県","大沼郡会津美里町","外川原"
"6262","福島県","大沼郡会津美里町","外川原甲"
"6204","福島県","大沼郡会津美里町","台ノ下"
"6264","福島県","大沼郡会津美里町","高田"
"6264","福島県","大沼郡会津美里町","高田乙"
"6264","福島県","大沼郡会津美里町","高田甲"
"6206","福島県","大沼郡会津美里町","高田中川原道下"
"6203","福島県","大沼郡会津美里町","高田前川原"
"6261","福島県","大沼郡会津美里町","高田道上"
"6202","福島県","大沼郡会津美里町","高田村東"
"6032","福島県","大沼郡会津美里町","竹原"
"6411","福島県","大沼郡会津美里町","立石田"
"6266","福島県","大沼郡会津美里町","館ノ越"
"6175","福島県","大沼郡会津美里町","舘ノ廻"
"6021","福島県","大沼郡会津美里町","舘ノ廻甲"
"6265","福島県","大沼郡会津美里町","館南"
"6261","福島県","大沼郡会津美里町","地尻"
"6265","福島県","大沼郡会津美里町","長光寺南"
"6403","福島県","大沼郡会津美里町","鶴野辺"
"6271","福島県","大沼郡会津美里町","寺崎"
"6122","福島県","大沼郡会津美里町","寺ノ前"
"6073","福島県","大沼郡会津美里町","寺ノ前甲"
"6353","福島県","大沼郡会津美里町","堂ノ前"
"6354","福島県","大沼郡会津美里町","堂ノ前甲"
"6214","福島県","大沼郡会津美里町","冨川"
"6251","福島県","大沼郡会津美里町","永井野"
"6118","福島県","大沼郡会津美里町","仲塚"
"6053","福島県","大沼郡会津美里町","仲塚甲"
"6035","福島県","大沼郡会津美里町","中樋"
"6123","福島県","大沼郡会津美里町","中道下"
"6074","福島県","大沼郡会津美里町","中道下甲"
"6267","福島県","大沼郡会津美里町","西裏"
"6266","福島県","大沼郡会津美里町","西裏屋敷添"
"6244","福島県","大沼郡会津美里町","西尾"
"6355","福島県","大沼郡会津美里町","西沖"
"6245","福島県","大沼郡会津美里町","西本"
"6085","福島県","大沼郡会津美里町","西谷地"
"6086","福島県","大沼郡会津美里町","西谷地甲"
"6408","福島県","大沼郡会津美里町","沼田"
"6271","福島県","大沼郡会津美里町","沼ノ上"
"6211","福島県","大沼郡会津美里町","橋丸"
"6338","福島県","大沼郡会津美里町","橋本乙"
"6356","福島県","大沼郡会津美里町","稗田乙"
"6232","福島県","大沼郡会津美里町","東尾岐"
"6261","福島県","大沼郡会津美里町","東川原"
"6124","福島県","大沼郡会津美里町","東谷地"
"6077","福島県","大沼郡会津美里町","東谷地甲"
"6143","福島県","大沼郡会津美里町","氷玉"
"6176","福島県","大沼郡会津美里町","旱泥"
"6028","福島県","大沼郡会津美里町","旱泥甲"
"6078","福島県","大沼郡会津美里町","蛭ケ窪"
"6031","福島県","大沼郡会津美里町","広面"
"6144","福島県","大沼郡会津美里町","福重岡"
"6266","福島県","大沼郡会津美里町","布才地"
"6212","福島県","大沼郡会津美里町","藤家館"
"6133","福島県","大沼郡会津美里町","船場"
"6069","福島県","大沼郡会津美里町","船場甲"
"6315","福島県","大沼郡会津美里町","蛇ノ宮甲"
"6262","福島県","大沼郡会津美里町","法憧寺北"
"6262","福島県","大沼郡会津美里町","法憧寺北甲"
"6262","福島県","大沼郡会津美里町","法憧寺東"
"6262","福島県","大沼郡会津美里町","法憧寺南"
"6262","福島県","大沼郡会津美里町","法憧寺南甲"
"6332","福島県","大沼郡会津美里町","本郷村西乙"
"6135","福島県","大沼郡会津美里町","穂馬"
"6125","福島県","大沼郡会津美里町","本郷"
"6066","福島県","大沼郡会津美里町","本郷入口中道上甲"
"6065","福島県","大沼郡会津美里町","本郷入口道上甲"
"6117","福島県","大沼郡会津美里町","本郷入口道上"
"6071","福島県","大沼郡会津美里町","本郷上"
"6127","福島県","大沼郡会津美里町","本郷上甲"
"6126","福島県","大沼郡会津美里町","本郷甲"
"6336","福島県","大沼郡会津美里町","本郷千苅"
"6337","福島県","大沼郡会津美里町","本郷千苅乙"
"6132","福島県","大沼郡会津美里町","本郷高田町"
"6084","福島県","大沼郡会津美里町","本郷高田町甲"
"6177","福島県","大沼郡会津美里町","本郷前川原"
"6026","福島県","大沼郡会津美里町","本郷前川原甲"
"6164","福島県","大沼郡会津美里町","本郷道上"
"6087","福島県","大沼郡会津美里町","本郷道西"
"6129","福島県","大沼郡会津美里町","本郷道西甲"
"6075","福島県","大沼郡会津美里町","本郷道東"
"6076","福島県","大沼郡会津美里町","本郷道東甲"
"6172","福島県","大沼郡会津美里町","本郷村西"
"6331","福島県","大沼郡会津美里町","本郷村西甲"
"6334","福島県","大沼郡会津美里町","本郷村東乙"
"6252","福島県","大沼郡会津美里町","松岸"
"6206","福島県","大沼郡会津美里町","松木田"
"6255","福島県","大沼郡会津美里町","松沢"
"6158","福島県","大沼郡会津美里町","松原際"
"6043","福島県","大沼郡会津美里町","松原際甲"
"6058","福島県","大沼郡会津美里町","的場甲"
"6128","福島県","大沼郡会津美里町","真々川"
"6072","福島県","大沼郡会津美里町","真々川甲"
"6323","福島県","大沼郡会津美里町","丸山"
"6324","福島県","大沼郡会津美里町","丸山乙"
"6321","福島県","大沼郡会津美里町","丸山北"
"6322","福島県","大沼郡会津美里町","丸山北甲"
"6134","福島県","大沼郡会津美里町","三日町"
"6081","福島県","大沼郡会津美里町","三日町上"
"6082","福島県","大沼郡会津美里町","三日町上甲"
"6079","福島県","大沼郡会津美里町","三日町甲"
"6083","福島県","大沼郡会津美里町","三日町道上甲"
"6203","福島県","大沼郡会津美里町","水戸"
"6243","福島県","大沼郡会津美里町","宮川"
"6263","福島県","大沼郡会津美里町","宮北"
"6325","福島県","大沼郡会津美里町","宮後"
"6327","福島県","大沼郡会津美里町","宮後乙"
"6326","福島県","大沼郡会津美里町","宮後甲"
"6207","福島県","大沼郡会津美里町","宮里"
"6204","福島県","大沼郡会津美里町","宮ノ腰"
"6263","福島県","大沼郡会津美里町","宮林"
"6263","福島県","大沼郡会津美里町","宮林甲"
"6059","福島県","大沼郡会津美里町","六日町甲"
"6118","福島県","大沼郡会津美里町","向川原甲"
"6064","福島県","大沼郡会津美里町","向川原"
"6142","福島県","大沼郡会津美里町","村上"
"6335","福島県","大沼郡会津美里町","村上乙"
"6202","福島県","大沼郡会津美里町","村前"
"6157","福島県","大沼郡会津美里町","本屋敷"
"6263","福島県","大沼郡会津美里町","文珠西"
"6263","福島県","大沼郡会津美里町","文珠東"
"6273","福島県","大沼郡会津美里町","八木沢"
"6201","福島県","大沼郡会津美里町","安田"
"6201","福島県","大沼郡会津美里町","安田乙"
"6268","福島県","大沼郡会津美里町","谷地"
"6268","福島県","大沼郡会津美里町","谷地前"
"6268","福島県","大沼郡会津美里町","柳台"
"6268","福島県","大沼郡会津美里町","柳台甲"
"6119","福島県","大沼郡会津美里町","梁場上"
"6067","福島県","大沼郡会津美里町","梁場上甲"
"6303","福島県","大沼郡会津美里町","山道上"
"6165","福島県","大沼郡会津美里町","山道下"
"6302","福島県","大沼郡会津美里町","山道下甲"
"6145","福島県","大沼郡会津美里町","山南"
"6328","福島県","大沼郡会津美里町","山南乙"
"6146","福島県","大沼郡会津美里町","横堀下"
"6341","福島県","大沼郡会津美里町","横堀下乙"
"6206","福島県","大沼郡会津美里町","葭添"
"6241","福島県","大沼郡会津美里町","吉田"
"6405","福島県","大沼郡会津美里町","米田"
"6266","福島県","大沼郡会津美里町","竜興寺北"
"6265","福島県","大沼郡会津美里町","六地蔵"
"6401","福島県","大沼郡会津美里町","和田目"
"0100","福島県","西白河郡泉崎村",""
"0101","福島県","西白河郡泉崎村","泉崎"
"0104","福島県","西白河郡泉崎村","太田川"
"0103","福島県","西白河郡泉崎村","北平山"
"0106","福島県","西白河郡泉崎村","関和久"
"0106","福島県","西白河郡泉崎村","関和久八雲神社"
"0102","福島県","西白河郡泉崎村","関和久"
"0105","福島県","西白河郡泉崎村","踏瀬"
"0200","福島県","西白河郡矢吹町",""
"0206","福島県","西白河郡矢吹町","赤沢"
"0272","福島県","西白河郡矢吹町","曙町"
"0236","福島県","西白河郡矢吹町","一本木"
"0287","福島県","西白河郡矢吹町","井戸尻"
"0238","福島県","西白河郡矢吹町","大池"
"0224","福島県","西白河郡矢吹町","大久保"
"0201","福島県","西白河郡矢吹町","大町"
"0252","福島県","西白河郡矢吹町","神の内"
"0257","福島県","西白河郡矢吹町","上の前"
"0246","福島県","西白河郡矢吹町","上宮崎"
"0287","福島県","西白河郡矢吹町","川原"
"0251","福島県","西白河郡矢吹町","神田東"
"0251","福島県","西白河郡矢吹町","神田西"
"0251","福島県","西白河郡矢吹町","神田南"
"0203","福島県","西白河郡矢吹町","北浦"
"0211","福島県","西白河郡矢吹町","北町"
"0288","福島県","西白河郡矢吹町","子ハ清水"
"0205","福島県","西白河郡矢吹町","五本松"
"0271","福島県","西白河郡矢吹町","小松"
"0281","福島県","西白河郡矢吹町","境町"
"0258","福島県","西白河郡矢吹町","沢尻"
"0242","福島県","西白河郡矢吹町","三城目"
"0246","福島県","西白河郡矢吹町","下宮崎"
"0266","福島県","西白河郡矢吹町","上敷面"
"0241","福島県","西白河郡矢吹町","陣ケ岡"
"0202","福島県","西白河郡矢吹町","新町"
"0257","福島県","西白河郡矢吹町","住吉"
"0267","福島県","西白河郡矢吹町","諏訪清水"
"0247","福島県","西白河郡矢吹町","諏訪の前"
"0287","福島県","西白河郡矢吹町","堰の上"
"0204","福島県","西白河郡矢吹町","関山"
"0212","福島県","西白河郡矢吹町","善郷内"
"0288","福島県","西白河郡矢吹町","田内"
"0284","福島県","西白河郡矢吹町","滝八幡"
"0284","福島県","西白河郡矢吹町","舘沢"
"0227","福島県","西白河郡矢吹町","田町"
"0252","福島県","西白河郡矢吹町","堤"
"0255","福島県","西白河郡矢吹町","寺内"
"0255","福島県","西白河郡矢吹町","寺内東"
"0255","福島県","西白河郡矢吹町","寺内西"
"0255","福島県","西白河郡矢吹町","寺内南"
"0247","福島県","西白河郡矢吹町","寺の前"
"0241","福島県","西白河郡矢吹町","天開"
"0248","福島県","西白河郡矢吹町","東郷"
"0243","福島県","西白河郡矢吹町","中沖"
"0252","福島県","西白河郡矢吹町","中野目東"
"0252","福島県","西白河郡矢吹町","中野目西"
"0264","福島県","西白河郡矢吹町","中畑"
"0236","福島県","西白河郡矢吹町","中畑新田"
"0265","福島県","西白河郡矢吹町","中畑南"
"0221","福島県","西白河郡矢吹町","中町"
"0231","福島県","西白河郡矢吹町","中丸"
"0256","福島県","西白河郡矢吹町","鍋内"
"0226","福島県","西白河郡矢吹町","西長峰"
"0263","福島県","西白河郡矢吹町","根宿"
"0245","福島県","西白河郡矢吹町","白山"
"0222","福島県","西白河郡矢吹町","八幡町"
"0285","福島県","西白河郡矢吹町","花咲"
"0233","福島県","西白河郡矢吹町","花の里"
"0281","福島県","西白河郡矢吹町","馬場"
"0243","福島県","西白河郡矢吹町","東川原"
"0252","福島県","西白河郡矢吹町","東堤"
"0225","福島県","西白河郡矢吹町","東長峰"
"0288","福島県","西白河郡矢吹町","東の内"
"0244","福島県","西白河郡矢吹町","奉行塚"
"0223","福島県","西白河郡矢吹町","文京町"
"0254","福島県","西白河郡矢吹町","平鉢"
"0237","福島県","西白河郡矢吹町","牡丹平"
"0282","福島県","西白河郡矢吹町","本郷町"
"0232","福島県","西白河郡矢吹町","本城舘"
"0257","福島県","西白河郡矢吹町","前久保"
"0234","福島県","西白河郡矢吹町","前田"
"0268","福島県","西白河郡矢吹町","松倉"
"0262","福島県","西白河郡矢吹町","松房"
"0235","福島県","西白河郡矢吹町","丸の内"
"0283","福島県","西白河郡矢吹町","南町"
"0253","福島県","西白河郡矢吹町","明新上"
"0253","福島県","西白河郡矢吹町","明新中"
"0253","福島県","西白河郡矢吹町","明新下"
"0253","福島県","西白河郡矢吹町","明新原"
"0253","福島県","西白河郡矢吹町","明新東"
"0253","福島県","西白河郡矢吹町","明新西"
"0213","福島県","西白河郡矢吹町","本町"
"0261","福島県","西白河郡矢吹町","弥栄"
"0244","福島県","西白河郡矢吹町","谷中"
"0236","福島県","西白河郡矢吹町","矢吹"
"0286","福島県","西白河郡矢吹町","大和内"
