"0000","宮城県","石巻市",""
"0101","宮城県","石巻市","相野谷"
"0866","宮城県","石巻市","茜平"
"0862","宮城県","石巻市","あけぼの"
"0869","宮城県","石巻市","あけぼの北"
"0828","宮城県","石巻市","旭町"
"2526","宮城県","石巻市","網地浜"
"2522","宮城県","石巻市","鮎川大町"
"2523","宮城県","石巻市","鮎川浜"
"2524","宮城県","石巻市","鮎川浜丁"
"0850","宮城県","石巻市","あゆみ野"
"0131","宮城県","石巻市","飯野"
"0832","宮城県","石巻市","泉町"
"2123","宮城県","石巻市","伊勢町"
"0826","宮城県","石巻市","鋳銭場"
"0003","宮城県","石巻市","井内"
"0041","宮城県","石巻市","伊原津"
"2113","宮城県","石巻市","宇田川町"
"0882","宮城県","石巻市","浦屋敷南"
"0813","宮城県","石巻市","駅前北通り"
"0005","宮城県","石巻市","大瓜"
"0854","宮城県","石巻市","大街道北"
"0859","宮城県","石巻市","大街道西"
"0855","宮城県","石巻市","大街道東"
"0856","宮城県","石巻市","大街道南"
"0838","宮城県","石巻市","大手町"
"0805","宮城県","石巻市","大橋"
"2412","宮城県","石巻市","大原浜"
"2132","宮城県","石巻市","大宮町"
"0121","宮城県","石巻市","大森"
"2405","宮城県","石巻市","大谷川浜"
"1334","宮城県","石巻市","雄勝町伊勢畑"
"1311","宮城県","石巻市","雄勝町大須"
"1302","宮城県","石巻市","雄勝町大浜"
"1333","宮城県","石巻市","雄勝町雄勝"
"1332","宮城県","石巻市","雄勝町小島"
"1336","宮城県","石巻市","雄勝町上雄勝"
"1312","宮城県","石巻市","雄勝町熊沢"
"1313","宮城県","石巻市","雄勝町桑浜"
"1335","宮城県","石巻市","雄勝町下雄勝"
"1303","宮城県","石巻市","雄勝町立浜"
"1304","宮城県","石巻市","雄勝町名振"
"1301","宮城県","石巻市","雄勝町船越"
"1321","宮城県","石巻市","雄勝町水浜"
"1331","宮城県","石巻市","雄勝町明神"
"1322","宮城県","石巻市","雄勝町分浜"
"2341","宮城県","石巻市","荻浜"
"0113","宮城県","石巻市","尾ノ崎"
"2355","宮城県","石巻市","折浜"
"0032","宮城県","石巻市","開成"
"0806","宮城県","石巻市","開北"
"0043","宮城県","石巻市","鹿妻北"
"0013","宮城県","石巻市","鹿妻本町"
"0042","宮城県","石巻市","鹿妻南"
"0853","宮城県","石巻市","門脇"
"0834","宮城県","石巻市","門脇町"
"1111","宮城県","石巻市","鹿又"
"0111","宮城県","石巻市","釜谷"
"0024","宮城県","石巻市","川口町"
"0204","宮城県","石巻市","北上町女川"
"0201","宮城県","石巻市","北上町十三浜"
"0203","宮城県","石巻市","北上町長尾"
"0202","宮城県","石巻市","北上町橋浦"
"0123","宮城県","石巻市","北境"
"2345","宮城県","石巻市","狐崎浜"
"2411","宮城県","石巻市","給分浜"
"2527","宮城県","石巻市","十八成浜"
"2414","宮城県","石巻市","小網倉浜"
"0863","宮城県","石巻市","向陽町"
"0825","宮城県","石巻市","穀町"
"2112","宮城県","石巻市","後生橋"
"2116","宮城県","石巻市","小竹浜"
"2342","宮城県","石巻市","小積浜"
"2415","宮城県","石巻市","小渕浜"
"0132","宮城県","石巻市","小船越"
"2122","宮城県","石巻市","幸町"
"0022","宮城県","石巻市","魚町"
"2137","宮城県","石巻市","さくら町"
"2351","宮城県","石巻市","侍浜"
"2403","宮城県","石巻市","鮫浦"
"0104","宮城県","石巻市","皿貝"
"2102","宮城県","石巻市","沢田"
"2114","宮城県","石巻市","塩富町"
"0842","宮城県","石巻市","潮見町"
"0844","宮城県","石巻市","重吉町"
"2413","宮城県","石巻市","清水田浜"
"0871","宮城県","石巻市","清水町"
"0004","宮城県","石巻市","新栄"
"0864","宮城県","石巻市","新境町"
"2105","宮城県","石巻市","新成"
"0848","宮城県","石巻市","新館"
"0883","宮城県","石巻市","新館南"
"0878","宮城県","石巻市","新橋"
"0801","宮城県","石巻市","水明北"
"0802","宮城県","石巻市","水明南"
"0875","宮城県","石巻市","末広町"
"2344","宮城県","石巻市","鹿立"
"0821","宮城県","石巻市","住吉町"
"0827","宮城県","石巻市","千石町"
"0026","宮城県","石巻市","大門町"
"0006","宮城県","石巻市","高木"
"2346","宮城県","石巻市","竹浜"
"0023","宮城県","石巻市","田代浜"
"0824","宮城県","石巻市","立町"
"0872","宮城県","石巻市","田道町"
"2104","宮城県","石巻市","垂水町"
"0822","宮城県","石巻市","中央"
"2352","宮城県","石巻市","月浦"
"0857","宮城県","石巻市","築山"
"0851","宮城県","石巻市","貞山"
"2401","宮城県","石巻市","泊浜"
"0847","宮城県","石巻市","中浦"
"0815","宮城県","石巻市","中里"
"0103","宮城県","石巻市","中島"
"0845","宮城県","石巻市","中島町"
"0823","宮城県","石巻市","中瀬"
"0112","宮城県","石巻市","長面"
"0105","宮城県","石巻市","中野"
"2133","宮城県","石巻市","長浜町"
"0849","宮城県","石巻市","中屋敷"
"2103","宮城県","石巻市","流留"
"0102","宮城県","石巻市","成田"
"0836","宮城県","石巻市","南光町"
"2521","宮城県","石巻市","新山浜"
"0877","宮城県","石巻市","錦町"
"0843","宮城県","石巻市","西浜町"
"0876","宮城県","石巻市","西山町"
"2101","宮城県","石巻市","沼津"
"2136","宮城県","石巻市","根岸"
"0860","宮城県","石巻市","のぞみ野"
"0831","宮城県","石巻市","羽黒町"
"0016","宮城県","石巻市","八幡町"
"2354","宮城県","石巻市","蛤浜"
"2131","宮城県","石巻市","浜松町"
"0114","宮城県","石巻市","針岡"
"0812","宮城県","石巻市","東中里"
"0122","宮城県","石巻市","東福田"
"0841","宮城県","石巻市","雲雀野町"
"0833","宮城県","石巻市","日和が丘"
"0115","宮城県","石巻市","福地"
"0133","宮城県","石巻市","二子"
"0874","宮城県","石巻市","双葉町"
"2525","宮城県","石巻市","長渡浜"
"2343","宮城県","石巻市","福貴浦"
"0017","宮城県","石巻市","不動町"
"0861","宮城県","石巻市","蛇田"
"2406","宮城県","石巻市","前網浜"
"2347","宮城県","石巻市","牧浜"
"0106","宮城県","石巻市","馬鞍"
"0028","宮城県","石巻市","松並"
"2134","宮城県","石巻市","松原町"
"0002","宮城県","石巻市","真野"
"0865","宮城県","石巻市","丸井戸"
"2115","宮城県","石巻市","万石町"
"0846","宮城県","石巻市","三河町"
"0803","宮城県","石巻市","水押"
"0001","宮城県","石巻市","水沼"
"0033","宮城県","石巻市","美園"
"0858","宮城県","石巻市","三ツ股"
"2111","宮城県","石巻市","三和町"
"0021","宮城県","石巻市","緑町"
"0011","宮城県","石巻市","湊"
"0025","宮城県","石巻市","湊町"
"0031","宮城県","石巻市","南境"
"0814","宮城県","石巻市","南中里"
"0835","宮城県","石巻市","南浜町"
"0852","宮城県","石巻市","南谷地"
"0124","宮城県","石巻市","三輪田"
"0027","宮城県","石巻市","明神町"
"0881","宮城県","石巻市","明神南"
"0868","宮城県","石巻市","恵み野"
"0811","宮城県","石巻市","元倉"
"0305","宮城県","石巻市","桃生町牛田"
"0311","宮城県","石巻市","桃生町太田"
"0304","宮城県","石巻市","桃生町樫崎"
"0323","宮城県","石巻市","桃生町神取"
"0322","宮城県","石巻市","桃生町給人町"
"0302","宮城県","石巻市","桃生町倉埣"
"0312","宮城県","石巻市","桃生町城内"
"0321","宮城県","石巻市","桃生町新田"
"0324","宮城県","石巻市","桃生町高須賀"
"0314","宮城県","石巻市","桃生町寺崎"
"0303","宮城県","石巻市","桃生町永井"
"0313","宮城県","石巻市","桃生町中津山"
"0301","宮城県","石巻市","桃生町脇谷"
"2353","宮城県","石巻市","桃浦"
"2402","宮城県","石巻市","谷川浜"
"0873","宮城県","石巻市","山下町"
"0015","宮城県","石巻市","吉野町"
"0837","宮城県","石巻市","宜山町"
"2404","宮城県","石巻市","寄磯浜"
"0867","宮城県","石巻市","わかば"
"2135","宮城県","石巻市","渡波"
"2121","宮城県","石巻市","渡波町"
"0401","宮城県","登米市","津山町柳津"
"0402","宮城県","登米市","津山町横山"
"2200","宮城県","牡鹿郡女川町",""
"2251","宮城県","牡鹿郡女川町","旭が丘"
"2222","宮城県","牡鹿郡女川町","飯子浜"
"2281","宮城県","牡鹿郡女川町","石浜"
"2211","宮城県","牡鹿郡女川町","出島"
"2263","宮城県","牡鹿郡女川町","伊勢"
"2283","宮城県","牡鹿郡女川町","市場通り"
"2249","宮城県","牡鹿郡女川町","内山"
"2231","宮城県","牡鹿郡女川町","浦宿浜"
"2212","宮城県","牡鹿郡女川町","江島"
"2202","宮城県","牡鹿郡女川町","尾浦"
"2224","宮城県","牡鹿郡女川町","大石原浜"
"2266","宮城県","牡鹿郡女川町","大原"
"2240","宮城県","牡鹿郡女川町","大道"
"2265","宮城県","牡鹿郡女川町","女川"
"2261","宮城県","牡鹿郡女川町","女川浜"
"2205","宮城県","牡鹿郡女川町","御前浜"
"2264","宮城県","牡鹿郡女川町","海岸通り"
"2204","宮城県","牡鹿郡女川町","桐ケ崎"
"2246","宮城県","牡鹿郡女川町","黄金"
"2248","宮城県","牡鹿郡女川町","小乗"
"2242","宮城県","牡鹿郡女川町","小乗浜"
"2244","宮城県","牡鹿郡女川町","桜ケ丘"
"2201","宮城県","牡鹿郡女川町","指ケ浜"
"2262","宮城県","牡鹿郡女川町","清水"
"2226","宮城県","牡鹿郡女川町","高白浜"
"2203","宮城県","牡鹿郡女川町","竹浦"
"2221","宮城県","牡鹿郡女川町","塚浜"
"2223","宮城県","牡鹿郡女川町","野々浜"
"2232","宮城県","牡鹿郡女川町","針浜"
"2282","宮城県","牡鹿郡女川町","宮ケ崎"
"2225","宮城県","牡鹿郡女川町","横浦"
"2247","宮城県","牡鹿郡女川町","鷲神"
"2243","宮城県","牡鹿郡女川町","鷲神浜"
"0700","宮城県","本吉郡南三陸町",""
"0782","宮城県","本吉郡南三陸町","入谷"
"0772","宮城県","本吉郡南三陸町","志津川秋目川"
"0733","宮城県","本吉郡南三陸町","志津川旭ケ浦"
"0705","宮城県","本吉郡南三陸町","志津川阿曽"
"0707","宮城県","本吉郡南三陸町","志津川荒坂"
"0726","宮城県","本吉郡南三陸町","志津川磯の沢"
"0752","宮城県","本吉郡南三陸町","志津川五日町"
"0709","宮城県","本吉郡南三陸町","志津川内井田"
"0764","宮城県","本吉郡南三陸町","志津川大久保"
"0771","宮城県","本吉郡南三陸町","志津川大沢"
"0718","宮城県","本吉郡南三陸町","志津川大畑"
"0731","宮城県","本吉郡南三陸町","志津川大森"
"0732","宮城県","本吉郡南三陸町","志津川大森町"
"0714","宮城県","本吉郡南三陸町","志津川蒲の沢"
"0751","宮城県","本吉郡南三陸町","志津川上の山"
"0777","宮城県","本吉郡南三陸町","志津川上保呂毛"
"0712","宮城県","本吉郡南三陸町","志津川北の又"
"0773","宮城県","本吉郡南三陸町","志津川熊田"
"0766","宮城県","本吉郡南三陸町","志津川黒崎"
"0768","宮城県","本吉郡南三陸町","志津川御前下"
"0721","宮城県","本吉郡南三陸町","志津川米広"
"0774","宮城県","本吉郡南三陸町","志津川小森"
"0711","宮城県","本吉郡南三陸町","志津川権現"
"0762","宮城県","本吉郡南三陸町","志津川塩入"
"0763","宮城県","本吉郡南三陸町","志津川汐見町"
"0706","宮城県","本吉郡南三陸町","志津川清水浜"
"0778","宮城県","本吉郡南三陸町","志津川下保呂毛"
"0703","宮城県","本吉郡南三陸町","志津川蛇王"
"0753","宮城県","本吉郡南三陸町","志津川城場"
"0754","宮城県","本吉郡南三陸町","志津川助作"
"0717","宮城県","本吉郡南三陸町","志津川袖浜"
"0722","宮城県","本吉郡南三陸町","志津川大上坊"
"0776","宮城県","本吉郡南三陸町","志津川竹川原"
"0779","宮城県","本吉郡南三陸町","志津川田尻畑"
"0723","宮城県","本吉郡南三陸町","志津川立沢"
"0728","宮城県","本吉郡南三陸町","志津川天王山"
"0729","宮城県","本吉郡南三陸町","志津川天王前"
"0741","宮城県","本吉郡南三陸町","志津川十日町"
"0767","宮城県","本吉郡南三陸町","志津川中瀬町"
"0727","宮城県","本吉郡南三陸町","志津川新井田"
"0701","宮城県","本吉郡南三陸町","志津川西田"
"0725","宮城県","本吉郡南三陸町","志津川沼田"
"0765","宮城県","本吉郡南三陸町","志津川林"
"0716","宮城県","本吉郡南三陸町","志津川平磯"
"0724","宮城県","本吉郡南三陸町","志津川平井田"
"0713","宮城県","本吉郡南三陸町","志津川平貝"
"0715","宮城県","本吉郡南三陸町","志津川深田"
"0702","宮城県","本吉郡南三陸町","志津川細浦"
"0708","宮城県","本吉郡南三陸町","志津川松井田"
"0775","宮城県","本吉郡南三陸町","志津川廻館"
"0761","宮城県","本吉郡南三陸町","志津川廻館前"
"0743","宮城県","本吉郡南三陸町","志津川南町"
"0742","宮城県","本吉郡南三陸町","志津川本浜町"
"0704","宮城県","本吉郡南三陸町","志津川森山"
"0781","宮城県","本吉郡南三陸町","戸倉"
