"3211","宮城県","仙台市青葉区","赤坂"
"3128","宮城県","仙台市青葉区","愛子中央"
"3127","宮城県","仙台市青葉区","愛子東"
"3212","宮城県","仙台市青葉区","芋沢"
"3213","宮城県","仙台市青葉区","大倉"
"3126","宮城県","仙台市青葉区","落合"
"3124","宮城県","仙台市青葉区","上愛子"
"3201","宮城県","仙台市青葉区","国見ケ丘"
"3432","宮城県","仙台市青葉区","熊ケ根"
"3122","宮城県","仙台市青葉区","栗生"
"3121","宮城県","仙台市青葉区","郷六"
"3431","宮城県","仙台市青葉区","作並"
"3125","宮城県","仙台市青葉区","下愛子"
"3216","宮城県","仙台市青葉区","高野原"
"3202","宮城県","仙台市青葉区","中山台"
"3207","宮城県","仙台市青葉区","中山台西"
"3203","宮城県","仙台市青葉区","中山吉成"
"3123","宮城県","仙台市青葉区","錦ケ丘"
"3433","宮城県","仙台市青葉区","ニッカ"
"3434","宮城県","仙台市青葉区","新川"
"3204","宮城県","仙台市青葉区","南吉成"
"3214","宮城県","仙台市青葉区","みやぎ台"
"3215","宮城県","仙台市青葉区","向田"
"3205","宮城県","仙台市青葉区","吉成"
"3206","宮城県","仙台市青葉区","吉成台"
"0200","宮城県","白石市",""
"0223","宮城県","白石市","旭町"
"0228","宮城県","白石市","兎作"
"0267","宮城県","白石市","延命寺北"
"0254","宮城県","白石市","大川町"
"0212","宮城県","白石市","大鷹沢大町"
"0211","宮城県","白石市","大鷹沢鷹巣"
"0213","宮城県","白石市","大鷹沢三沢"
"0214","宮城県","白石市","大平坂谷"
"0216","宮城県","白石市","大平中目"
"0217","宮城県","白石市","大平森合"
"0276","宮城県","白石市","大手町"
"0208","宮城県","白石市","大畑"
"0233","宮城県","白石市","小原"
"0244","宮城県","白石市","上久保"
"0202","宮城県","白石市","上堰"
"0262","宮城県","白石市","北川原"
"0224","宮城県","白石市","北無双作"
"0203","宮城県","白石市","郡山"
"0201","宮城県","白石市","小下倉"
"0113","宮城県","白石市","越河"
"0111","宮城県","白石市","越河五賀"
"0112","宮城県","白石市","越河平"
"0241","宮城県","白石市","寿山"
"0215","宮城県","白石市","斎川"
"0264","宮城県","白石市","幸"
"0278","宮城県","白石市","沢端"
"0277","宮城県","白石市","沢端町"
"0243","宮城県","白石市","沢目"
"0272","宮城県","白石市","清水小路"
"0266","宮城県","白石市","十王堂前"
"0265","宮城県","白石市","十王堂北"
"0245","宮城県","白石市","城南"
"0255","宮城県","白石市","城北町"
"1103","宮城県","白石市","白川犬卒都婆"
"1104","宮城県","白石市","白川内親"
"1101","宮城県","白石市","白川小奥"
"1102","宮城県","白石市","白川津田"
"0734","宮城県","白石市","白鳥"
"0226","宮城県","白石市","白石沖"
"0246","宮城県","白石市","新館町"
"0271","宮城県","白石市","不澄ケ池"
"0261","宮城県","白石市","外川原"
"0222","宮城県","白石市","鷹巣"
"0218","宮城県","白石市","鷹巣東"
"0220","宮城県","白石市","鷹巣西"
"0227","宮城県","白石市","田町"
"0229","宮城県","白石市","銚子ケ森"
"0206","宮城県","白石市","寺屋敷前"
"0207","宮城県","白石市","堂場前"
"0273","宮城県","白石市","中町"
"0274","宮城県","白石市","長町"
"0252","宮城県","白石市","西益岡町"
"0268","宮城県","白石市","祢宜内"
"0247","宮城県","白石市","八幡町"
"0259","宮城県","白石市","半沢屋敷前"
"0258","宮城県","白石市","半沢屋敷西"
"0205","宮城県","白石市","東大畑"
"0253","宮城県","白石市","東小路"
"0225","宮城県","白石市","東町"
"0231","宮城県","白石市","福岡蔵本"
"0731","宮城県","白石市","福岡深谷"
"0733","宮城県","白石市","福岡八宮"
"0732","宮城県","白石市","福岡長袋"
"0732","宮城県","白石市","福岡長袋川寺山"
"0732","宮城県","白石市","福岡長袋芹沢"
"0232","宮城県","白石市","福岡長袋"
"0251","宮城県","白石市","益岡町"
"0204","宮城県","白石市","松ケ丘"
"0221","宮城県","白石市","緑が丘"
"0248","宮城県","白石市","南町"
"0256","宮城県","白石市","本鍛冶小路"
"0275","宮城県","白石市","本町"
"0263","宮城県","白石市","柳川原"
"0242","宮城県","白石市","柳町"
"0257","宮城県","白石市","亘理町"
"2401","宮城県","名取市","下増田"
"2401","宮城県","名取市","下増田仙台空港関係施設"
"2412","宮城県","名取市","堀内"
"2411","宮城県","名取市","本郷"
"2400","宮城県","岩沼市",""
"2431","宮城県","岩沼市","相の原"
"2474","宮城県","岩沼市","朝日"
"2478","宮城県","岩沼市","あさひ野"
"2435","宮城県","岩沼市","阿武隈"
"2463","宮城県","岩沼市","荒井"
"2443","宮城県","岩沼市","稲荷町"
"2442","宮城県","岩沼市","大手町"
"2471","宮城県","岩沼市","小川"
"2423","宮城県","岩沼市","押分"
"2472","宮城県","岩沼市","梶橋"
"2455","宮城県","岩沼市","北長谷"
"2420","宮城県","岩沼市","空港西"
"2422","宮城県","岩沼市","空港南"
"2445","宮城県","岩沼市","桑原"
"2447","宮城県","岩沼市","桑原西"
"2473","宮城県","岩沼市","栄町"
"2433","宮城県","岩沼市","桜"
"2427","宮城県","岩沼市","里の杜"
"2465","宮城県","岩沼市","志賀"
"2476","宮城県","岩沼市","敷島"
"2421","宮城県","岩沼市","下野郷"
"2426","宮城県","岩沼市","末広"
"2453","宮城県","岩沼市","大昭和"
"2452","宮城県","岩沼市","武隈"
"2459","宮城県","岩沼市","たけくま"
"2458","宮城県","岩沼市","竹の里"
"2441","宮城県","岩沼市","館下"
"2428","宮城県","岩沼市","玉浦西"
"2432","宮城県","岩沼市","中央"
"2425","宮城県","岩沼市","寺島"
"2451","宮城県","岩沼市","土ケ崎"
"2461","宮城県","岩沼市","長岡"
"2446","宮城県","岩沼市","西六角"
"2424","宮城県","岩沼市","早股"
"2477","宮城県","岩沼市","東谷地"
"2457","宮城県","岩沼市","平等"
"2436","宮城県","岩沼市","吹上"
"2437","宮城県","岩沼市","吹上西"
"2434","宮城県","岩沼市","藤浪"
"2448","宮城県","岩沼市","二木"
"2444","宮城県","岩沼市","本町"
"2456","宮城県","岩沼市","松ケ丘"
"2464","宮城県","岩沼市","三色吉"
"2454","宮城県","岩沼市","南長谷"
"2429","宮城県","岩沼市","恵み野"
"2462","宮城県","岩沼市","山桜"
"2475","宮城県","岩沼市","大和"
"4701","宮城県","登米市","石越町北郷"
"4702","宮城県","登米市","石越町東郷"
"4703","宮城県","登米市","石越町南郷"
"4601","宮城県","登米市","迫町新田"
"5403","宮城県","栗原市","鶯沢北郷"
"5402","宮城県","栗原市","鶯沢南郷"
"5401","宮城県","栗原市","鶯沢袋"
"4807","宮城県","栗原市","金成赤児"
"5172","宮城県","栗原市","金成姉歯"
"4806","宮城県","栗原市","金成有壁"
"5127","宮城県","栗原市","金成稲荷前"
"5142","宮城県","栗原市","金成入生田"
"5118","宮城県","栗原市","金成入ノ沢"
"5146","宮城県","栗原市","金成祝"
"5112","宮城県","栗原市","金成宇南崎"
"5119","宮城県","栗原市","金成狼ノ沢"
"5163","宮城県","栗原市","金成大久保沢"
"5116","宮城県","栗原市","金成大梨"
"5185","宮城県","栗原市","金成大原木"
"5121","宮城県","栗原市","金成大平"
"5138","宮城県","栗原市","金成翁沢"
"5141","宮城県","栗原市","金成翁留"
"5183","宮城県","栗原市","金成小堤"
"5184","宮城県","栗原市","金成小迫"
"4805","宮城県","栗原市","金成片馬合"
"5128","宮城県","栗原市","金成金山沢"
"5115","宮城県","栗原市","金成上富田"
"5137","宮城県","栗原市","金成髪長"
"5154","宮城県","栗原市","金成上町"
"5155","宮城県","栗原市","金成上町西裏"
"5153","宮城県","栗原市","金成上町東裏"
"5164","宮城県","栗原市","金成金生"
"5136","宮城県","栗原市","金成熊ノ下"
"5139","宮城県","栗原市","金成黄金田"
"5151","宮城県","栗原市","金成桜町"
"5171","宮城県","栗原市","金成沢辺"
"5130","宮城県","栗原市","金成清水田"
"5114","宮城県","栗原市","金成下富田"
"5133","宮城県","栗原市","金成新町"
"5134","宮城県","栗原市","金成新町裏"
"4802","宮城県","栗原市","金成末野"
"5135","宮城県","栗原市","金成台畑"
"5125","宮城県","栗原市","金成大林寺沢"
"5161","宮城県","栗原市","金成館下"
"5181","宮城県","栗原市","金成津久毛"
"5126","宮城県","栗原市","金成鍔瓦"
"5165","宮城県","栗原市","金成長館"
"5162","宮城県","栗原市","金成長根沢"
"5166","宮城県","栗原市","金成長根前"
"5144","宮城県","栗原市","金成中町"
"5145","宮城県","栗原市","金成中町西裏"
"5173","宮城県","栗原市","金成梨崎"
"5117","宮城県","栗原市","金成柧木沢"
"5111","宮城県","栗原市","金成日向"
"5131","宮城県","栗原市","金成日向田"
"4808","宮城県","栗原市","金成普賢堂"
"4803","宮城県","栗原市","金成藤渡戸"
"5123","宮城県","栗原市","金成平治屋敷"
"5143","宮城県","栗原市","金成奉公田"
"5132","宮城県","栗原市","金成干谷沢"
"5122","宮城県","栗原市","金成三沢"
"5113","宮城県","栗原市","金成宮前"
"5124","宮城県","栗原市","金成山中堤下"
"5152","宮城県","栗原市","金成四ツ屋敷"
"5331","宮城県","栗原市","栗駒泉沢"
"5341","宮城県","栗原市","栗駒稲屋敷"
"5332","宮城県","栗原市","栗駒芋埣"
"5301","宮城県","栗原市","栗駒岩ケ崎"
"5333","宮城県","栗原市","栗駒片子沢"
"5321","宮城県","栗原市","栗駒栗原"
"5322","宮城県","栗原市","栗駒桜田"
"5312","宮城県","栗原市","栗駒猿飛来"
"5311","宮城県","栗原市","栗駒里谷"
"5381","宮城県","栗原市","栗駒鳥沢"
"5351","宮城県","栗原市","栗駒中野"
"5371","宮城県","栗原市","栗駒沼倉"
"5323","宮城県","栗原市","栗駒菱沼"
"5382","宮城県","栗原市","栗駒深谷"
"5372","宮城県","栗原市","栗駒松倉"
"5334","宮城県","栗原市","栗駒嶺崎"
"5361","宮城県","栗原市","栗駒文字"
"5324","宮城県","栗原市","栗駒八幡"
"5335","宮城県","栗原市","栗駒渡丸"
"5608","宮城県","栗原市","志波姫荒町北"
"5606","宮城県","栗原市","志波姫荒町南"
"5603","宮城県","栗原市","志波姫伊豆野"
"5601","宮城県","栗原市","志波姫刈敷"
"5605","宮城県","栗原市","志波姫北郷"
"5627","宮城県","栗原市","志波姫北堀口"
"5607","宮城県","栗原市","志波姫蔵場南"
"5621","宮城県","栗原市","志波姫下里"
"5602","宮城県","栗原市","志波姫城内南"
"5616","宮城県","栗原市","志波姫新上戸"
"5612","宮城県","栗原市","志波姫新熊谷"
"5613","宮城県","栗原市","志波姫新沼崎"
"5617","宮城県","栗原市","志波姫新橋本"
"5614","宮城県","栗原市","志波姫新原"
"5618","宮城県","栗原市","志波姫新八樟"
"5604","宮城県","栗原市","志波姫大門南"
"5626","宮城県","栗原市","志波姫中沖"
"5615","宮城県","栗原市","志波姫沼崎"
"5609","宮城県","栗原市","志波姫花崎西"
"5625","宮城県","栗原市","志波姫堀口"
"5611","宮城県","栗原市","志波姫南郷"
"5624","宮城県","栗原市","志波姫南堀口"
"5623","宮城県","栗原市","志波姫南八樟"
"5622","宮城県","栗原市","志波姫八樟"
"5610","宮城県","栗原市","志波姫要害東"
"5619","宮城県","栗原市","志波姫横峰浦"
"4533","宮城県","栗原市","瀬峰愛宕"
"4549","宮城県","栗原市","瀬峰荒町"
"4534","宮城県","栗原市","瀬峰泉谷"
"4535","宮城県","栗原市","瀬峰泉谷南"
"4545","宮城県","栗原市","瀬峰伊勢堂"
"4541","宮城県","栗原市","瀬峰牛渕"
"4540","宮城県","栗原市","瀬峰牛渕前"
"4580","宮城県","栗原市","瀬峰大境前"
"4583","宮城県","栗原市","瀬峰大境山"
"4568","宮城県","栗原市","瀬峰大屋敷"
"4509","宮城県","栗原市","瀬峰大鰐谷"
"4588","宮城県","栗原市","瀬峰蒲盛"
"4557","宮城県","栗原市","瀬峰上沢田"
"4547","宮城県","栗原市","瀬峰神田"
"4563","宮城県","栗原市","瀬峰上富前"
"4566","宮城県","栗原市","瀬峰上屋敷"
"4505","宮城県","栗原市","瀬峰刈安沢"
"4562","宮城県","栗原市","瀬峰川ノ畑"
"4574","宮城県","栗原市","瀬峰北ノ沢"
"4523","宮城県","栗原市","瀬峰北谷地"
"4577","宮城県","栗原市","瀬峰薬沢西"
"4578","宮城県","栗原市","瀬峰薬沢東"
"4518","宮城県","栗原市","瀬峰荒神堂"
"4576","宮城県","栗原市","瀬峰高土山"
"4504","宮城県","栗原市","瀬峰小深沢"
"4582","宮城県","栗原市","瀬峰坂ノ下浦"
"4585","宮城県","栗原市","瀬峰坂ノ下前北"
"4551","宮城県","栗原市","瀬峰三代"
"4508","宮城県","栗原市","瀬峰柴ノ脇"
"4506","宮城県","栗原市","瀬峰清水沢"
"4584","宮城県","栗原市","瀬峰清水山"
"4521","宮城県","栗原市","瀬峰下田"
"4522","宮城県","栗原市","瀬峰下の前"
"4512","宮城県","栗原市","瀬峰下藤沢"
"4525","宮城県","栗原市","瀬峰下谷地"
"4573","宮城県","栗原市","瀬峰十王堂前"
"4510","宮城県","栗原市","瀬峰新下藤沢"
"4529","宮城県","栗原市","瀬峰新下田"
"4560","宮城県","栗原市","瀬峰新道東"
"4538","宮城県","栗原市","瀬峰諏訪原"
"4586","宮城県","栗原市","瀬峰蔵王"
"4536","宮城県","栗原市","瀬峰壇ノ越"
"4503","宮城県","栗原市","瀬峰力石"
"4516","宮城県","栗原市","瀬峰長者原"
"4572","宮城県","栗原市","瀬峰寺浦"
"4571","宮城県","栗原市","瀬峰寺沢"
"4565","宮城県","栗原市","瀬峰天神下"
"4531","宮城県","栗原市","瀬峰筒ケ崎"
"4569","宮城県","栗原市","瀬峰筒場"
"4589","宮城県","栗原市","瀬峰富要害"
"4548","宮城県","栗原市","瀬峰長根"
"4542","宮城県","栗原市","瀬峰新井堀"
"4543","宮城県","栗原市","瀬峰新井屋敷"
"4507","宮城県","栗原市","瀬峰西原"
"4567","宮城県","栗原市","瀬峰西原前"
"4511","宮城県","栗原市","瀬峰新田沢"
"4513","宮城県","栗原市","瀬峰根岸"
"4555","宮城県","栗原市","瀬峰野沢"
"4544","宮城県","栗原市","瀬峰除"
"4579","宮城県","栗原市","瀬峰橋本浦"
"4554","宮城県","栗原市","瀬峰原田"
"4532","宮城県","栗原市","瀬峰樋口山"
"4561","宮城県","栗原市","瀬峰樋渡"
"4556","宮城県","栗原市","瀬峰袋沢"
"4517","宮城県","栗原市","瀬峰藤沢瀬嶺"
"4581","宮城県","栗原市","瀬峰藤沢要害"
"4524","宮城県","栗原市","瀬峰藤田"
"4539","宮城県","栗原市","瀬峰二ツ谷"
"4553","宮城県","栗原市","瀬峰二又"
"4537","宮城県","栗原市","瀬峰船橋"
"4575","宮城県","栗原市","瀬峰町田"
"4570","宮城県","栗原市","瀬峰町田前"
"4526","宮城県","栗原市","瀬峰宮小路原西"
"4527","宮城県","栗原市","瀬峰宮小路原東"
"4552","宮城県","栗原市","瀬峰宮田"
"4515","宮城県","栗原市","瀬峰桃生田"
"4514","宮城県","栗原市","瀬峰桃生田前"
"4587","宮城県","栗原市","瀬峰薬師堂前"
"4564","宮城県","栗原市","瀬峰谷地田"
"4528","宮城県","栗原市","瀬峰山崎前"
"4519","宮城県","栗原市","瀬峰横森前"
"4546","宮城県","栗原市","瀬峰四ツ壇"
"6701","宮城県","栗原市","花山草木沢上原"
"5507","宮城県","栗原市","若柳有賀"
"5506","宮城県","栗原市","若柳大林"
"5509","宮城県","栗原市","若柳大林新寺浦"
"5504","宮城県","栗原市","若柳上畑岡"
"5501","宮城県","栗原市","若柳川北"
"5502","宮城県","栗原市","若柳川南"
"5503","宮城県","栗原市","若柳下畑岡"
"5505","宮城県","栗原市","若柳福岡"
"5508","宮城県","栗原市","若柳武鎗"
"6100","宮城県","大崎市",""
"6463","宮城県","大崎市","岩出山木通沢"
"6405","宮城県","大崎市","岩出山池月"
"6435","宮城県","大崎市","岩出山浦小路"
"6447","宮城県","大崎市","岩出山上金沢"
"6432","宮城県","大崎市","岩出山上川原北"
"6433","宮城県","大崎市","岩出山上川原町"
"6431","宮城県","大崎市","岩出山上川原南"
"6465","宮城県","大崎市","岩出山上東昌寺沢"
"6421","宮城県","大崎市","岩出山上中江"
"6403","宮城県","大崎市","岩出山上野目"
"6404","宮城県","大崎市","岩出山下一栗"
"6442","宮城県","大崎市","岩出山下金沢"
"6414","宮城県","大崎市","岩出山下川原"
"6434","宮城県","大崎市","岩出山下川原町"
"6464","宮城県","大崎市","岩出山下東昌寺沢"
"6412","宮城県","大崎市","岩出山下野目"
"6422","宮城県","大崎市","岩出山重蔵"
"6437","宮城県","大崎市","岩出山城山"
"6446","宮城県","大崎市","岩出山大学町"
"6441","宮城県","大崎市","岩出山通丁"
"6443","宮城県","大崎市","岩出山轟"
"6425","宮城県","大崎市","岩出山西御名掛"
"6436","宮城県","大崎市","岩出山二ノ構"
"6426","宮城県","大崎市","岩出山東御名掛"
"6415","宮城県","大崎市","岩出山東川原"
"6413","宮城県","大崎市","岩出山東川原町"
"6462","宮城県","大崎市","岩出山蛭沢"
"6411","宮城県","大崎市","岩出山船場"
"6444","宮城県","大崎市","岩出山細峯"
"6466","宮城県","大崎市","岩出山保土沢"
"6423","宮城県","大崎市","岩出山前毘沙門"
"6461","宮城県","大崎市","岩出山松沢"
"6424","宮城県","大崎市","岩出山丸山"
"6445","宮城県","大崎市","岩出山南沢"
"6402","宮城県","大崎市","岩出山"
"6402","宮城県","大崎市","岩出山磯田"
"6402","宮城県","大崎市","岩出山下真山"
"6401","宮城県","大崎市","岩出山"
"6401","宮城県","大崎市","岩出山上真山"
"6401","宮城県","大崎市","岩出山葛岡"
"6471","宮城県","大崎市","岩出山"
"4106","宮城県","大崎市","鹿島台大迫"
"4102","宮城県","大崎市","鹿島台木間塚"
"4103","宮城県","大崎市","鹿島台平渡"
"4104","宮城県","大崎市","鹿島台広長"
"4105","宮城県","大崎市","鹿島台深谷"
"4101","宮城県","大崎市","鹿島台船越"
"6321","宮城県","大崎市","三本木"
"6304","宮城県","大崎市","三本木秋田"
"6312","宮城県","大崎市","三本木蟻ケ袋"
"6305","宮城県","大崎市","三本木伊賀"
"6303","宮城県","大崎市","三本木伊場野"
"6313","宮城県","大崎市","三本木音無"
"6302","宮城県","大崎市","三本木上伊場野"
"6301","宮城県","大崎市","三本木桑折"
"6314","宮城県","大崎市","三本木斉田"
"6311","宮城県","大崎市","三本木坂本"
"6306","宮城県","大崎市","三本木新町"
"6316","宮城県","大崎市","三本木高柳"
"6315","宮城県","大崎市","三本木新沼"
"6317","宮城県","大崎市","三本木蒜袋"
"6322","宮城県","大崎市","三本木南谷地"
"4415","宮城県","大崎市","田尻"
"4303","宮城県","大崎市","田尻大沢"
"4302","宮城県","大崎市","田尻大貫"
"4412","宮城県","大崎市","田尻大嶺"
"4305","宮城県","大崎市","田尻小塩"
"4301","宮城県","大崎市","田尻蕪栗"
"4304","宮城県","大崎市","田尻北小牛田"
"4307","宮城県","大崎市","田尻北高城"
"4414","宮城県","大崎市","田尻北牧目"
"4419","宮城県","大崎市","田尻小松"
"4306","宮城県","大崎市","田尻桜田高野"
"4418","宮城県","大崎市","田尻諏訪峠"
"4413","宮城県","大崎市","田尻通木"
"4416","宮城県","大崎市","田尻中目"
"4417","宮城県","大崎市","田尻沼木"
"4308","宮城県","大崎市","田尻沼部"
"4411","宮城県","大崎市","田尻八幡"
"6711","宮城県","大崎市","鳴子温泉赤這"
"6811","宮城県","大崎市","鳴子温泉赤湯"
"6711","宮城県","大崎市","鳴子温泉石ノ梅"
"6711","宮城県","大崎市","鳴子温泉入沢"
"6806","宮城県","大崎市","鳴子温泉岩渕"
"6805","宮城県","大崎市","鳴子温泉岩渕前"
"6711","宮城県","大崎市","鳴子温泉上ノ原"
"6838","宮城県","大崎市","鳴子温泉奥羽岳"
"6803","宮城県","大崎市","鳴子温泉大畑"
"6941","宮城県","大崎市","鳴子温泉鬼首"
"6712","宮城県","大崎市","鳴子温泉小身川原"
"6711","宮城県","大崎市","鳴子温泉上川原"
"6825","宮城県","大崎市","鳴子温泉上鳴子"
"6711","宮城県","大崎市","鳴子温泉通原"
"6711","宮城県","大崎市","鳴子温泉川渡"
"6833","宮城県","大崎市","鳴子温泉川端"
"6712","宮城県","大崎市","鳴子温泉川袋"
"6824","宮城県","大崎市","鳴子温泉河原湯"
"6711","宮城県","大崎市","鳴子温泉築沢"
"6712","宮城県","大崎市","鳴子温泉木戸脇"
"6711","宮城県","大崎市","鳴子温泉久田"
"6821","宮城県","大崎市","鳴子温泉車湯"
"6712","宮城県","大崎市","鳴子温泉黒崎"
"6712","宮城県","大崎市","鳴子温泉小室"
"6712","宮城県","大崎市","鳴子温泉小室山"
"6712","宮城県","大崎市","鳴子温泉境松"
"6712","宮城県","大崎市","鳴子温泉坂ノ上"
"6711","宮城県","大崎市","鳴子温泉沢"
"6712","宮城県","大崎市","鳴子温泉沢目木"
"6827","宮城県","大崎市","鳴子温泉尿前"
"6712","宮城県","大崎市","鳴子温泉新小身川原"
"6711","宮城県","大崎市","鳴子温泉新田"
"6711","宮城県","大崎市","鳴子温泉新町下"
"6822","宮城県","大崎市","鳴子温泉新屋敷"
"6801","宮城県","大崎市","鳴子温泉末沢"
"6802","宮城県","大崎市","鳴子温泉末沢西"
"6712","宮城県","大崎市","鳴子温泉関口"
"6712","宮城県","大崎市","鳴子温泉大尺"
"6712","宮城県","大崎市","鳴子温泉滝岸"
"6712","宮城県","大崎市","鳴子温泉竹原"
"6712","宮城県","大崎市","鳴子温泉田中"
"6711","宮城県","大崎市","鳴子温泉玉ノ木"
"6712","宮城県","大崎市","鳴子温泉月山"
"6712","宮城県","大崎市","鳴子温泉堤下"
"6712","宮城県","大崎市","鳴子温泉鶴田"
"6712","宮城県","大崎市","鳴子温泉天神"
"6711","宮城県","大崎市","鳴子温泉中野"
"6712","宮城県","大崎市","鳴子温泉中道"
"6804","宮城県","大崎市","鳴子温泉中屋敷"
"6834","宮城県","大崎市","鳴子温泉西原"
"6711","宮城県","大崎市","鳴子温泉沼井"
"6712","宮城県","大崎市","鳴子温泉野際"
"6712","宮城県","大崎市","鳴子温泉畑山"
"6711","宮城県","大崎市","鳴子温泉馬場"
"6711","宮城県","大崎市","鳴子温泉原"
"6712","宮城県","大崎市","鳴子温泉原崎"
"6712","宮城県","大崎市","鳴子温泉日向山"
"6712","宮城県","大崎市","鳴子温泉不動山"
"6826","宮城県","大崎市","鳴子温泉古戸前"
"6832","宮城県","大崎市","鳴子温泉星沼"
"6712","宮城県","大崎市","鳴子温泉前森"
"6712","宮城県","大崎市","鳴子温泉前山"
"6711","宮城県","大崎市","鳴子温泉町"
"6711","宮城県","大崎市","鳴子温泉町下"
"6711","宮城県","大崎市","鳴子温泉町西"
"6712","宮城県","大崎市","鳴子温泉水沼"
"6807","宮城県","大崎市","鳴子温泉見手野原"
"6835","宮城県","大崎市","鳴子温泉南原"
"6837","宮城県","大崎市","鳴子温泉南星沼"
"6712","宮城県","大崎市","鳴子温泉南山"
"6831","宮城県","大崎市","鳴子温泉柳木"
"6836","宮城県","大崎市","鳴子温泉焼石亦"
"6712","宮城県","大崎市","鳴子温泉山際"
"6823","宮城県","大崎市","鳴子温泉湯元"
"6711","宮城県","大崎市","鳴子温泉要害"
"6711","宮城県","大崎市","鳴子温泉横山"
"6711","宮城県","大崎市","鳴子温泉蓬田"
"6811","宮城県","大崎市","鳴子温泉鷲ノ巣"
"6712","宮城県","大崎市","鳴子温泉和田"
"6223","宮城県","大崎市","古川"
"6117","宮城県","大崎市","古川旭"
"6243","宮城県","大崎市","古川雨生沢"
"6164","宮城県","大崎市","古川荒川小金町"
"6212","宮城県","大崎市","古川荒田目"
"6252","宮城県","大崎市","古川荒谷"
"6203","宮城県","大崎市","古川飯川"
"6124","宮城県","大崎市","古川石森"
"6135","宮城県","大崎市","古川稲葉"
"6173","宮城県","大崎市","古川浦町"
"6103","宮城県","大崎市","古川江合寿町"
"6104","宮城県","大崎市","古川江合錦町"
"6102","宮城県","大崎市","古川江合本町"
"6115","宮城県","大崎市","古川駅東"
"6162","宮城県","大崎市","古川駅前大通"
"6161","宮城県","大崎市","古川駅南"
"6227","宮城県","大崎市","古川大崎"
"6114","宮城県","大崎市","古川大幡"
"6221","宮城県","大崎市","古川大宮"
"6234","宮城県","大崎市","古川小林"
"6216","宮城県","大崎市","古川柏崎"
"6131","宮城県","大崎市","古川金五輪"
"6264","宮城県","大崎市","古川上埣"
"6202","宮城県","大崎市","古川上中目"
"6236","宮城県","大崎市","古川川熊"
"6167","宮城県","大崎市","古川川端"
"6145","宮城県","大崎市","古川北稲葉"
"6171","宮城県","大崎市","古川北町"
"6242","宮城県","大崎市","古川北宮沢"
"6254","宮城県","大崎市","古川狐塚"
"6244","宮城県","大崎市","古川清滝"
"6122","宮城県","大崎市","古川桑針"
"6224","宮城県","大崎市","古川小泉"
"6144","宮城県","大崎市","古川小稲葉町"
"6251","宮城県","大崎市","古川小野"
"6211","宮城県","大崎市","古川斎下"
"6106","宮城県","大崎市","古川幸町"
"6128","宮城県","大崎市","古川境野宮"
"6157","宮城県","大崎市","古川栄町"
"6233","宮城県","大崎市","古川桜ノ目"
"6232","宮城県","大崎市","古川沢田"
"6201","宮城県","大崎市","古川渋井"
"6228","宮城県","大崎市","古川清水"
"6241","宮城県","大崎市","古川清水沢"
"6123","宮城県","大崎市","古川下中目"
"6263","宮城県","大崎市","古川下谷地"
"6151","宮城県","大崎市","古川城西"
"6116","宮城県","大崎市","古川李埣"
"6175","宮城県","大崎市","古川諏訪"
"6174","宮城県","大崎市","古川千手寺町"
"6163","宮城県","大崎市","古川台町"
"6126","宮城県","大崎市","古川楡木"
"6225","宮城県","大崎市","古川塚目"
"6207","宮城県","大崎市","古川堤根"
"6111","宮城県","大崎市","古川鶴ケ埣"
"6165","宮城県","大崎市","古川十日町"
"6266","宮城県","大崎市","古川富長"
"6231","宮城県","大崎市","古川長岡"
"6261","宮城県","大崎市","古川長岡針"
"6143","宮城県","大崎市","古川中里"
"6206","宮城県","大崎市","古川中沢"
"6142","宮城県","大崎市","古川中島町"
"6153","宮城県","大崎市","古川七日町"
"6226","宮城県","大崎市","古川新田"
"6205","宮城県","大崎市","古川新沼"
"6214","宮城県","大崎市","古川新堀"
"6133","宮城県","大崎市","古川西荒井"
"6156","宮城県","大崎市","古川西館"
"6152","宮城県","大崎市","古川二ノ構"
"6166","宮城県","大崎市","古川東町"
"6208","宮城県","大崎市","古川引田"
"6121","宮城県","大崎市","古川深沼"
"6101","宮城県","大崎市","古川福浦"
"6105","宮城県","大崎市","古川福沼"
"6265","宮城県","大崎市","古川渕尻"
"6136","宮城県","大崎市","古川穂波"
"6213","宮城県","大崎市","古川保柳"
"6172","宮城県","大崎市","古川前田町"
"6262","宮城県","大崎市","古川馬櫛"
"6253","宮城県","大崎市","古川馬放"
"6112","宮城県","大崎市","古川馬寄"
"6154","宮城県","大崎市","古川三日町"
"6217","宮城県","大崎市","古川南沢"
"6141","宮城県","大崎市","古川南新町"
"6155","宮城県","大崎市","古川南町"
"6113","宮城県","大崎市","古川蓑口沼"
"6215","宮城県","大崎市","古川耳取"
"6127","宮城県","大崎市","古川宮内"
"6235","宮城県","大崎市","古川宮沢"
"6125","宮城県","大崎市","古川師山"
"6255","宮城県","大崎市","古川休塚"
"6204","宮城県","大崎市","古川矢目"
"6134","宮城県","大崎市","古川米倉"
"6132","宮城県","大崎市","古川米袋"
"6222","宮城県","大崎市","古川若葉町"
"0800","宮城県","刈田郡蔵王町",""
"0921","宮城県","刈田郡蔵王町","円田"
"0921","宮城県","刈田郡蔵王町","円田釜沢"
"0921","宮城県","刈田郡蔵王町","円田善舞森"
"0921","宮城県","刈田郡蔵王町","円田土浮谷地"
"0821","宮城県","刈田郡蔵王町","円田"
"0841","宮城県","刈田郡蔵王町","小村崎"
"0842","宮城県","刈田郡蔵王町","塩沢"
"0916","宮城県","刈田郡蔵王町","遠刈田温泉"
"0914","宮城県","刈田郡蔵王町","遠刈田温泉旭町"
"0915","宮城県","刈田郡蔵王町","遠刈田温泉寿町"
"0911","宮城県","刈田郡蔵王町","遠刈田温泉栄町"
"0912","宮城県","刈田郡蔵王町","遠刈田温泉仲町"
"0913","宮城県","刈田郡蔵王町","遠刈田温泉本町"
"0831","宮城県","刈田郡蔵王町","平沢"
"0851","宮城県","刈田郡蔵王町","曲竹"
"0701","宮城県","刈田郡蔵王町","宮"
"0843","宮城県","刈田郡蔵王町","矢附"
"0500","宮城県","刈田郡七ヶ宿町",""
"0662","宮城県","刈田郡七ヶ宿町","赤地"
"0556","宮城県","刈田郡七ヶ宿町","愛宕下"
"0506","宮城県","刈田郡七ヶ宿町","油畑"
"0635","宮城県","刈田郡七ヶ宿町","板木"
"0522","宮城県","刈田郡七ヶ宿町","一枚田"
"0643","宮城県","刈田郡七ヶ宿町","稲子"
"0644","宮城県","刈田郡七ヶ宿町","稲子山"
"0537","宮城県","刈田郡七ヶ宿町","上野"
"0631","宮城県","刈田郡七ヶ宿町","大石川原"
"0507","宮城県","刈田郡七ヶ宿町","大萱"
"0529","宮城県","刈田郡七ヶ宿町","大杉"
"0516","宮城県","刈田郡七ヶ宿町","大貫平"
"0553","宮城県","刈田郡七ヶ宿町","大迎"
"0501","宮城県","刈田郡七ヶ宿町","柏木山"
"0543","宮城県","刈田郡七ヶ宿町","蒲木"
"0524","宮城県","刈田郡七ヶ宿町","上烏川"
"0613","宮城県","刈田郡七ヶ宿町","上川原"
"0516","宮城県","刈田郡七ヶ宿町","上島田原"
"0504","宮城県","刈田郡七ヶ宿町","上ノ平"
"0505","宮城県","刈田郡七ヶ宿町","上ノ平山"
"0623","宮城県","刈田郡七ヶ宿町","上ノ台"
"0517","宮城県","刈田郡七ヶ宿町","上八合"
"0519","宮城県","刈田郡七ヶ宿町","神林山"
"0513","宮城県","刈田郡七ヶ宿町","上町尻"
"0527","宮城県","刈田郡七ヶ宿町","烏川岳"
"0664","宮城県","刈田郡七ヶ宿町","行人原道上"
"0536","宮城県","刈田郡七ヶ宿町","切通"
"0561","宮城県","刈田郡七ヶ宿町","栗原"
"0634","宮城県","刈田郡七ヶ宿町","小駕籠沢"
"0628","宮城県","刈田郡七ヶ宿町","境ノ沢"
"0661","宮城県","刈田郡七ヶ宿町","坂ノ上"
"0627","宮城県","刈田郡七ヶ宿町","坂ノ下"
"0528","宮城県","刈田郡七ヶ宿町","沢上山"
"0541","宮城県","刈田郡七ヶ宿町","仕切目"
"0542","宮城県","刈田郡七ヶ宿町","島木野"
"0516","宮城県","刈田郡七ヶ宿町","下島田原"
"0518","宮城県","刈田郡七ヶ宿町","下八合"
"0514","宮城県","刈田郡七ヶ宿町","下町尻"
"0554","宮城県","刈田郡七ヶ宿町","陳ノ窪"
"0521","宮城県","刈田郡七ヶ宿町","新雷神"
"0616","宮城県","刈田郡七ヶ宿町","薄沢口"
"0519","宮城県","刈田郡七ヶ宿町","諏訪原"
"0512","宮城県","刈田郡七ヶ宿町","関"
"0529","宮城県","刈田郡七ヶ宿町","瀬見原"
"0617","宮城県","刈田郡七ヶ宿町","滝下"
"0555","宮城県","刈田郡七ヶ宿町","滝ノ上"
"0523","宮城県","刈田郡七ヶ宿町","館下"
"0633","宮城県","刈田郡七ヶ宿町","田中道上"
"0632","宮城県","刈田郡七ヶ宿町","田中道下"
"0655","宮城県","刈田郡七ヶ宿町","壇前"
"0508","宮城県","刈田郡七ヶ宿町","長老"
"0602","宮城県","刈田郡七ヶ宿町","寺跡"
"0654","宮城県","刈田郡七ヶ宿町","寺前"
"0621","宮城県","刈田郡七ヶ宿町","峠田"
"0625","宮城県","刈田郡七ヶ宿町","峠田愛宕下"
"0622","宮城県","刈田郡七ヶ宿町","峠田町頭"
"0614","宮城県","刈田郡七ヶ宿町","中川原"
"0547","宮城県","刈田郡七ヶ宿町","中之沢"
"0544","宮城県","刈田郡七ヶ宿町","中ノ沢原道下"
"0535","宮城県","刈田郡七ヶ宿町","夏梨平"
"0549","宮城県","刈田郡七ヶ宿町","滑津"
"0552","宮城県","刈田郡七ヶ宿町","苗代端"
"0516","宮城県","刈田郡七ヶ宿町","西島田原"
"0502","宮城県","刈田郡七ヶ宿町","西町裏"
"0557","宮城県","刈田郡七ヶ宿町","西森下"
"0615","宮城県","刈田郡七ヶ宿町","沼田"
"0532","宮城県","刈田郡七ヶ宿町","根添"
"0535","宮城県","刈田郡七ヶ宿町","野沢倉山"
"0537","宮城県","刈田郡七ヶ宿町","萩崎"
"0545","宮城県","刈田郡七ヶ宿町","原道上"
"0546","宮城県","刈田郡七ヶ宿町","原道下"
"0544","宮城県","刈田郡七ヶ宿町","原谷地際"
"0666","宮城県","刈田郡七ヶ宿町","干蒲"
"0651","宮城県","刈田郡七ヶ宿町","東口道上"
"0652","宮城県","刈田郡七ヶ宿町","東口道下"
"0663","宮城県","刈田郡七ヶ宿町","東沢"
"0516","宮城県","刈田郡七ヶ宿町","東島田原"
"0641","宮城県","刈田郡七ヶ宿町","程ヶ沢"
"0657","宮城県","刈田郡七ヶ宿町","町裏"
"0507","宮城県","刈田郡七ヶ宿町","町下"
"0515","宮城県","刈田郡七ヶ宿町","町尻"
"0524","宮城県","刈田郡七ヶ宿町","廻館"
"0511","宮城県","刈田郡七ヶ宿町","松原"
"0612","宮城県","刈田郡七ヶ宿町","侭ノ上"
"0665","宮城県","刈田郡七ヶ宿町","侭ノ上地蔵前"
"0555","宮城県","刈田郡七ヶ宿町","水上口"
"0667","宮城県","刈田郡七ヶ宿町","水下道上"
"0658","宮城県","刈田郡七ヶ宿町","南浦畑"
"0515","宮城県","刈田郡七ヶ宿町","宮前"
"0624","宮城県","刈田郡七ヶ宿町","明神下"
"0526","宮城県","刈田郡七ヶ宿町","明神前"
"0601","宮城県","刈田郡七ヶ宿町","茂ヶ沢"
"0626","宮城県","刈田郡七ヶ宿町","茂庭道"
"0531","宮城県","刈田郡七ヶ宿町","矢立"
"0533","宮城県","刈田郡七ヶ宿町","矢立平"
"0551","宮城県","刈田郡七ヶ宿町","八ツ森"
"0548","宮城県","刈田郡七ヶ宿町","八ツ分"
"0656","宮城県","刈田郡七ヶ宿町","柳沢山国有林"
"0611","宮城県","刈田郡七ヶ宿町","山伏坂"
"0653","宮城県","刈田郡七ヶ宿町","湯原"
"0503","宮城県","刈田郡七ヶ宿町","横川"
"0502","宮城県","刈田郡七ヶ宿町","横川原"
"0525","宮城県","刈田郡七ヶ宿町","利津保"
"0636","宮城県","刈田郡七ヶ宿町","六本杉"
"0534","宮城県","刈田郡七ヶ宿町","若林山"
"0642","宮城県","刈田郡七ヶ宿町","割付"
"1200","宮城県","柴田郡大河原町",""
"1203","宮城県","柴田郡大河原町","旭町"
"1237","宮城県","柴田郡大河原町","荒町"
"1205","宮城県","柴田郡大河原町","大芝"
"1204","宮城県","柴田郡大河原町","大竜"
"1261","宮城県","柴田郡大河原町","大巻"
"1201","宮城県","柴田郡大河原町","大谷"
"1263","宮城県","柴田郡大河原町","大谷地"
"1267","宮城県","柴田郡大河原町","小島"
"1258","宮城県","柴田郡大河原町","小山田"
"1249","宮城県","柴田郡大河原町","海道東"
"1224","宮城県","柴田郡大河原町","金ケ瀬"
"1233","宮城県","柴田郡大河原町","上川原"
"1207","宮城県","柴田郡大河原町","川瀬町"
"1214","宮城県","柴田郡大河原町","甲子町"
"1216","宮城県","柴田郡大河原町","幸町"
"1264","宮城県","柴田郡大河原町","新青川"
"1274","宮城県","柴田郡大河原町","新桜町"
"1234","宮城県","柴田郡大河原町","新古川"
"1246","宮城県","柴田郡大河原町","新東"
"1245","宮城県","柴田郡大河原町","新南"
"1213","宮城県","柴田郡大河原町","住吉町"
"1266","宮城県","柴田郡大河原町","千塚前"
"1255","宮城県","柴田郡大河原町","袖谷地"
"1202","宮城県","柴田郡大河原町","高砂町"
"1256","宮城県","柴田郡大河原町","堤"
"1248","宮城県","柴田郡大河原町","土手崎"
"1231","宮城県","柴田郡大河原町","中川原"
"1215","宮城県","柴田郡大河原町","中島町"
"1206","宮城県","柴田郡大河原町","中の倉"
"1222","宮城県","柴田郡大河原町","南平"
"1253","宮城県","柴田郡大河原町","西"
"1242","宮城県","柴田郡大河原町","西浦"
"1217","宮城県","柴田郡大河原町","錦町"
"1273","宮城県","柴田郡大河原町","西桜町"
"1244","宮城県","柴田郡大河原町","西町"
"1257","宮城県","柴田郡大河原町","新寺"
"1254","宮城県","柴田郡大河原町","沼"
"1251","宮城県","柴田郡大河原町","橋本"
"1247","宮城県","柴田郡大河原町","東"
"1271","宮城県","柴田郡大河原町","東桜町"
"1223","宮城県","柴田郡大河原町","東新町"
"1236","宮城県","柴田郡大河原町","東原町"
"1225","宮城県","柴田郡大河原町","広表"
"1211","宮城県","柴田郡大河原町","広瀬町"
"1259","宮城県","柴田郡大河原町","福田"
"1241","宮城県","柴田郡大河原町","町"
"1221","宮城県","柴田郡大河原町","緑町"
"1243","宮城県","柴田郡大河原町","南"
"1232","宮城県","柴田郡大河原町","南海道下"
"1272","宮城県","柴田郡大河原町","南桜町"
"1235","宮城県","柴田郡大河原町","南原町"
"1252","宮城県","柴田郡大河原町","八乙女"
"1212","宮城県","柴田郡大河原町","山崎町"
"1300","宮城県","柴田郡村田町",""
"1511","宮城県","柴田郡村田町","足立"
"1511","宮城県","柴田郡村田町","足立北向"
"1311","宮城県","柴田郡村田町","足立"
"1303","宮城県","柴田郡村田町","薄木"
"1302","宮城県","柴田郡村田町","小泉"
"1301","宮城県","柴田郡村田町","菅生"
"1322","宮城県","柴田郡村田町","関場"
"1304","宮城県","柴田郡村田町","西ケ丘"
"1323","宮城県","柴田郡村田町","沼田"
"1321","宮城県","柴田郡村田町","沼辺"
"1305","宮城県","柴田郡村田町","村田"
"1600","宮城県","柴田郡柴田町",""
"1745","宮城県","柴田郡柴田町","入間田"
"1762","宮城県","柴田郡柴田町","海老穴"
"1742","宮城県","柴田郡柴田町","上川名"
"1611","宮城県","柴田郡柴田町","上名生"
"1623","宮城県","柴田郡柴田町","北船岡"
"1608","宮城県","柴田郡柴田町","剣崎"
"1764","宮城県","柴田郡柴田町","小成田"
"1613","宮城県","柴田郡柴田町","下名生"
"1756","宮城県","柴田郡柴田町","槻木"
"1758","宮城県","柴田郡柴田町","槻木駅西"
"1753","宮城県","柴田郡柴田町","槻木上町"
"1752","宮城県","柴田郡柴田町","槻木下町"
"1754","宮城県","柴田郡柴田町","槻木白幡"
"1751","宮城県","柴田郡柴田町","槻木新町"
"1755","宮城県","柴田郡柴田町","槻木西"
"1757","宮城県","柴田郡柴田町","槻木東"
"1741","宮城県","柴田郡柴田町","富沢"
"1612","宮城県","柴田郡柴田町","中名生"
"1765","宮城県","柴田郡柴田町","成田"
"1622","宮城県","柴田郡柴田町","西船迫"
"1761","宮城県","柴田郡柴田町","葉坂"
"1731","宮城県","柴田郡柴田町","東船迫"
"1631","宮城県","柴田郡柴田町","東船迫"
"1606","宮城県","柴田郡柴田町","船岡"
"1607","宮城県","柴田郡柴田町","船岡新栄"
"1601","宮城県","柴田郡柴田町","船岡中央"
"1602","宮城県","柴田郡柴田町","船岡土手内"
"1604","宮城県","柴田郡柴田町","船岡東"
"1603","宮城県","柴田郡柴田町","船岡西"
"1605","宮城県","柴田郡柴田町","船岡南"
"1763","宮城県","柴田郡柴田町","船迫"
"1621","宮城県","柴田郡柴田町","本船迫"
"1744","宮城県","柴田郡柴田町","松ケ越"
"1746","宮城県","柴田郡柴田町","ゆずが丘"
"1743","宮城県","柴田郡柴田町","四日市場"
"1500","宮城県","柴田郡川崎町",""
"0908","宮城県","柴田郡川崎町","青根温泉"
"1502","宮城県","柴田郡川崎町","今宿"
"1505","宮城県","柴田郡川崎町","小野"
"1503","宮城県","柴田郡川崎町","川内"
"1507","宮城県","柴田郡川崎町","支倉"
"1506","宮城県","柴田郡川崎町","支倉台"
"0901","宮城県","柴田郡川崎町","前川"
"0901","宮城県","柴田郡川崎町","前川青根"
"0901","宮城県","柴田郡川崎町","前川手代塚山"
"0901","宮城県","柴田郡川崎町","前川沼ノ平山"
"0901","宮城県","柴田郡川崎町","前川名号下山"
"0901","宮城県","柴田郡川崎町","前川権現塚"
"0901","宮城県","柴田郡川崎町","前川火の塚山"
"0901","宮城県","柴田郡川崎町","前川峩々"
"1501","宮城県","柴田郡川崎町","前川"
"1504","宮城県","柴田郡川崎町","本砂金"
"2300","宮城県","亘理郡亘理町",""
"2351","宮城県","亘理郡亘理町","旭"
"2351","宮城県","亘理郡亘理町","旭山"
"2361","宮城県","亘理郡亘理町","愛宕前"
"2351","宮城県","亘理郡亘理町","油田"
"2311","宮城県","亘理郡亘理町","荒浜"
"2361","宮城県","亘理郡亘理町","泉ケ入"
"2333","宮城県","亘理郡亘理町","苺里"
"2332","宮城県","亘理郡亘理町","苺浜"
"2351","宮城県","亘理郡亘理町","五日町"
"2351","宮城県","亘理郡亘理町","祝田"
"2351","宮城県","亘理郡亘理町","裏城戸"
"2351","宮城県","亘理郡亘理町","江下"
"2385","宮城県","亘理郡亘理町","逢隈"
"2385","宮城県","亘理郡亘理町","逢隈郡"
"2302","宮城県","亘理郡亘理町","逢隈牛袋"
"2321","宮城県","亘理郡亘理町","逢隈榎袋"
"2371","宮城県","亘理郡亘理町","逢隈鹿島"
"2381","宮城県","亘理郡亘理町","逢隈上郡"
"2324","宮城県","亘理郡亘理町","逢隈高屋"
"2384","宮城県","亘理郡亘理町","逢隈小山"
"2323","宮城県","亘理郡亘理町","逢隈鷺屋"
"2382","宮城県","亘理郡亘理町","逢隈下郡"
"2303","宮城県","亘理郡亘理町","逢隈十文字"
"2372","宮城県","亘理郡亘理町","逢隈神宮寺"
"2383","宮城県","亘理郡亘理町","逢隈田沢"
"2301","宮城県","亘理郡亘理町","逢隈中泉"
"2322","宮城県","亘理郡亘理町","逢隈蕨"
"2351","宮城県","亘理郡亘理町","上中野地"
"2351","宮城県","亘理郡亘理町","上浜街道"
"2351","宮城県","亘理郡亘理町","上茨田"
"2351","宮城県","亘理郡亘理町","亀井戸"
"2351","宮城県","亘理郡亘理町","上町"
"2361","宮城県","亘理郡亘理町","北猿田"
"2351","宮城県","亘理郡亘理町","北新田"
"2351","宮城県","亘理郡亘理町","北新町"
"2351","宮城県","亘理郡亘理町","狐塚"
"2351","宮城県","亘理郡亘理町","旧舘"
"2361","宮城県","亘理郡亘理町","倉庭"
"2351","宮城県","亘理郡亘理町","境堤"
"2351","宮城県","亘理郡亘理町","桜小路"
"2351","宮城県","亘理郡亘理町","芝西"
"2351","宮城県","亘理郡亘理町","下小路"
"2351","宮城県","亘理郡亘理町","下浜街道"
"2351","宮城県","亘理郡亘理町","下茨田"
"2351","宮城県","亘理郡亘理町","新町"
"2361","宮城県","亘理郡亘理町","先達前"
"2351","宮城県","亘理郡亘理町","台田"
"2361","宮城県","亘理郡亘理町","舘南"
"2351","宮城県","亘理郡亘理町","道田中"
"2351","宮城県","亘理郡亘理町","道田東"
"2351","宮城県","亘理郡亘理町","道田西"
"2361","宮城県","亘理郡亘理町","鳥居前"
"2351","宮城県","亘理郡亘理町","中町"
"2351","宮城県","亘理郡亘理町","中町東"
"2341","宮城県","亘理郡亘理町","長瀞"
"2351","宮城県","亘理郡亘理町","新井町"
"2351","宮城県","亘理郡亘理町","西郷"
"2361","宮城県","亘理郡亘理町","沼頭"
"2325","宮城県","亘理郡亘理町","花苺"
"2351","宮城県","亘理郡亘理町","茨田後"
"2361","宮城県","亘理郡亘理町","卑下入"
"2351","宮城県","亘理郡亘理町","東郷"
"2361","宮城県","亘理郡亘理町","堀の内"
"2351","宮城県","亘理郡亘理町","見田内"
"2351","宮城県","亘理郡亘理町","南町"
"2351","宮城県","亘理郡亘理町","南町東"
"2352","宮城県","亘理郡亘理町","悠里"
"2361","宮城県","亘理郡亘理町","雪穴"
"2331","宮城県","亘理郡亘理町","吉田"
"2361","宮城県","亘理郡亘理町","龍円寺前"
"2200","宮城県","亘理郡山元町",""
"2203","宮城県","亘理郡山元町","浅生原"
"2206","宮城県","亘理郡山元町","大平"
"2205","宮城県","亘理郡山元町","小平"
"2111","宮城県","亘理郡山元町","坂元"
"2202","宮城県","亘理郡山元町","高瀬"
"2208","宮城県","亘理郡山元町","つばめの杜"
"2207","宮城県","亘理郡山元町","八手庭"
"2112","宮城県","亘理郡山元町","真庭"
"2201","宮城県","亘理郡山元町","山寺"
"2204","宮城県","亘理郡山元町","鷲足"
"4204","宮城県","遠田郡美里町","大柳"
"4205","宮城県","遠田郡美里町","木間塚"
"4209","宮城県","遠田郡美里町","新鳥谷坂"
"4207","宮城県","遠田郡美里町","鳥谷坂一"
"4208","宮城県","遠田郡美里町","鳥谷坂二"
"4206","宮城県","遠田郡美里町","二郷"
"4203","宮城県","遠田郡美里町","練牛"
"4202","宮城県","遠田郡美里町","福ケ袋"
"4201","宮城県","遠田郡美里町","和多田沼"
