"0000","山形県","山形市",""
"0055","山形県","山形市","相生町"
"2435","山形県","山形市","青田"
"2324","山形県","山形市","青田南"
"2222","山形県","山形市","青野"
"2214","山形県","山形市","青柳"
"2353","山形県","山形市","明石堂"
"2481","山形県","山形市","あかねケ丘"
"2162","山形県","山形市","あけぼの"
"0025","山形県","山形市","あこや町"
"2434","山形県","山形市","旭が丘"
"0024","山形県","山形市","あさひ町"
"2491","山形県","山形市","あずま町"
"2432","山形県","山形市","荒楯町"
"2476","山形県","山形市","飯沢"
"2332","山形県","山形市","飯田"
"2331","山形県","山形市","飯田西"
"0841","山形県","山形市","飯塚口"
"0845","山形県","山形市","飯塚町"
"0842","山形県","山形市","石関"
"0061","山形県","山形市","五十鈴"
"0068","山形県","山形市","泉町"
"0829","山形県","山形市","五日町"
"0817","山形県","山形市","今塚"
"2351","山形県","山形市","鋳物町"
"2403","山形県","山形市","岩波"
"0066","山形県","山形市","印役町"
"0877","山形県","山形市","内表"
"0878","山形県","山形市","内表東"
"0874","山形県","山形市","梅野木前"
"2161","山形県","山形市","漆山"
"2483","山形県","山形市","上町"
"0861","山形県","山形市","江俣"
"0052","山形県","山形市","円応寺町"
"0046","山形県","山形市","大手町"
"2344","山形県","山形市","大道端"
"2231","山形県","山形市","大森"
"0818","山形県","山形市","沖町"
"2402","山形県","山形市","小立"
"0075","山形県","山形市","落合町"
"2365","山形県","山形市","御手作"
"2307","山形県","山形市","表蔵王"
"2484","山形県","山形市","篭田"
"2221","山形県","山形市","風間"
"2341","山形県","山形市","柏倉"
"0826","山形県","山形市","霞城町"
"0833","山形県","山形市","春日町"
"0039","山形県","山形市","香澄町"
"2316","山形県","山形市","片谷地"
"0856","山形県","山形市","金石田"
"0851","山形県","山形市","上椹沢"
"2421","山形県","山形市","上桜田"
"2384","山形県","山形市","上反田"
"2241","山形県","山形市","上東山"
"0017","山形県","山形市","上宝沢"
"2212","山形県","山形市","上柳"
"0004","山形県","山形市","上山家町"
"2406","山形県","山形市","神尾"
"0875","山形県","山形市","北江俣"
"0896","山形県","山形市","北田"
"0821","山形県","山形市","北町"
"0822","山形県","山形市","北山形"
"0044","山形県","山形市","木の実町"
"2475","山形県","山形市","木ノ目田"
"0876","山形県","山形市","行才"
"0834","山形県","山形市","清住町"
"2233","山形県","山形市","切畑"
"0850","山形県","山形市","くぬぎざわ西"
"2482","山形県","山形市","久保田"
"2311","山形県","山形市","黒沢"
"0863","山形県","山形市","江南"
"0852","山形県","山形市","黄金"
"0032","山形県","山形市","小姓町"
"0021","山形県","山形市","小白川町"
"2414","山形県","山形市","寿町"
"0035","山形県","山形市","小荷駄町"
"2234","山形県","山形市","こも石"
"0038","山形県","山形市","幸町"
"2333","山形県","山形市","蔵王飯田"
"2303","山形県","山形市","蔵王上野"
"2301","山形県","山形市","蔵王温泉"
"2334","山形県","山形市","蔵王成沢"
"2305","山形県","山形市","蔵王半郷"
"2302","山形県","山形市","蔵王堀田"
"2338","山形県","山形市","蔵王松ケ丘"
"2337","山形県","山形市","蔵王西成沢"
"2335","山形県","山形市","蔵王南成沢"
"2304","山形県","山形市","蔵王山田"
"0003","山形県","山形市","早乙女"
"0819","山形県","山形市","境田町"
"0077","山形県","山形市","栄原"
"0824","山形県","山形市","肴町"
"2376","山形県","山形市","桜ケ丘"
"2323","山形県","山形市","桜田東"
"2321","山形県","山形市","桜田西"
"2322","山形県","山形市","桜田南"
"0045","山形県","山形市","桜町"
"0898","山形県","山形市","三社"
"0846","山形県","山形市","志鎌"
"0868","山形県","山形市","志戸田"
"2173","山形県","山形市","渋江"
"0870","山形県","山形市","島"
"0885","山形県","山形市","嶋北"
"0886","山形県","山形市","嶋南"
"0858","山形県","山形市","下椹沢"
"0823","山形県","山形市","下条町"
"2385","山形県","山形市","下反田"
"0809","山形県","山形市","下田"
"2232","山形県","山形市","下東山"
"0018","山形県","山形市","下宝沢"
"2215","山形県","山形市","下柳"
"0005","山形県","山形市","下山家町"
"0012","山形県","山形市","釈迦堂"
"2211","山形県","山形市","十文字"
"0827","山形県","山形市","城南町"
"0825","山形県","山形市","城北町"
"2381","山形県","山形市","常明寺"
"0807","山形県","山形市","白川"
"0832","山形県","山形市","城西町"
"2343","山形県","山形市","城森"
"2164","山形県","山形市","新開"
"0864","山形県","山形市","陣場"
"0882","山形県","山形市","陣場新田"
"0860","山形県","山形市","陣場南"
"2494","山形県","山形市","末広町"
"2362","山形県","山形市","菅沢"
"2367","山形県","山形市","すげさわの丘"
"0884","山形県","山形市","鮨洗"
"0062","山形県","山形市","鈴川町"
"0847","山形県","山形市","砂田"
"0854","山形県","山形市","砂塚"
"0033","山形県","山形市","諏訪町"
"0016","山形県","山形市","関沢"
"0881","山形県","山形市","瀬波"
"2216","山形県","山形市","千刈"
"2227","山形県","山形市","千石"
"2172","山形県","山形市","千手堂"
"0008","山形県","山形市","双月新町"
"0065","山形県","山形市","双月町"
"2378","山形県","山形市","反町"
"2364","山形県","山形市","大師堂"
"0073","山形県","山形市","大野目"
"2346","山形県","山形市","高木"
"2242","山形県","山形市","高沢"
"0808","山形県","山形市","高田"
"2464","山形県","山形市","高堂"
"0002","山形県","山形市","高原町"
"2382","山形県","山形市","滝平"
"2251","山形県","山形市","立谷川"
"2163","山形県","山形市","伊達城"
"0805","山形県","山形市","檀野前"
"2224","山形県","山形市","近田"
"0812","山形県","山形市","千歳"
"0855","山形県","山形市","千代田"
"2315","山形県","山形市","津金沢"
"2405","山形県","山形市","土坂"
"0814","山形県","山形市","土樋"
"2492","山形県","山形市","鉄砲町"
"2213","山形県","山形市","寺西"
"0867","山形県","山形市","天神台"
"0801","山形県","山形市","天神町"
"0031","山形県","山形市","十日町"
"0806","山形県","山形市","藤治屋敷"
"2223","山形県","山形市","塔の前"
"0051","山形県","山形市","銅町"
"0871","山形県","山形市","銅谷口"
"2345","山形県","山形市","富神台"
"2342","山形県","山形市","富神前"
"2361","山形県","山形市","百目鬼"
"2463","山形県","山形市","富の中"
"0815","山形県","山形市","樋越"
"2433","山形県","山形市","鳥居ケ丘"
"2422","山形県","山形市","中桜田"
"2235","山形県","山形市","中里"
"0849","山形県","山形市","中沼"
"0892","山形県","山形市","中野"
"2175","山形県","山形市","中野目"
"2477","山形県","山形市","長苗代"
"0811","山形県","山形市","長町"
"2171","山形県","山形市","七浦"
"0804","山形県","山形市","七十刈"
"0042","山形県","山形市","七日町"
"2386","山形県","山形市","並柳"
"0014","山形県","山形市","滑川"
"2339","山形県","山形市","成沢西"
"0891","山形県","山形市","成安"
"2445","山形県","山形市","南栄町"
"2355","山形県","山形市","二位田"
"0015","山形県","山形市","新山"
"0862","山形県","山形市","西江俣"
"0056","山形県","山形市","錦町"
"2226","山形県","山形市","西越"
"0853","山形県","山形市","西崎"
"0831","山形県","山形市","西田"
"0893","山形県","山形市","西中野"
"0859","山形県","山形市","西原"
"0844","山形県","山形市","西見田"
"2474","山形県","山形市","沼木"
"0007","山形県","山形市","沼の辺町"
"2174","山形県","山形市","灰塚"
"2446","山形県","山形市","白山"
"2471","山形県","山形市","羽黒堂"
"0865","山形県","山形市","馬上台"
"2363","山形県","山形市","長谷堂"
"0047","山形県","山形市","旅篭町"
"0872","山形県","山形市","八幡前"
"2404","山形県","山形市","八森"
"2225","山形県","山形市","花岡"
"0067","山形県","山形市","花楯"
"0072","山形県","山形市","浜崎"
"2423","山形県","山形市","東青田"
"0899","山形県","山形市","東篭野町"
"0869","山形県","山形市","東志戸田"
"0897","山形県","山形市","東田"
"2354","山形県","山形市","東二位田"
"0034","山形県","山形市","東原町"
"2308","山形県","山形市","東半郷"
"2375","山形県","山形市","東古館"
"0022","山形県","山形市","東山形"
"0813","山形県","山形市","桧町"
"0076","山形県","山形市","平久保"
"2401","山形県","山形市","平清水"
"2462","山形県","山形市","深町"
"2377","山形県","山形市","藤沢川"
"0828","山形県","山形市","双葉町"
"0894","山形県","山形市","船町"
"2374","山形県","山形市","古館"
"0857","山形県","山形市","平田"
"0013","山形県","山形市","防原町"
"0001","山形県","山形市","穂積"
"0043","山形県","山形市","本町"
"2352","山形県","山形市","前明石"
"2411","山形県","山形市","前田町"
"2473","山形県","山形市","松栄"
"0023","山形県","山形市","松波"
"2313","山形県","山形市","松原"
"2431","山形県","山形市","松見町"
"2412","山形県","山形市","松山"
"0810","山形県","山形市","馬見ケ崎"
"0803","山形県","山形市","見崎"
"0802","山形県","山形市","見崎川原"
"0036","山形県","山形市","三日町"
"0041","山形県","山形市","緑町"
"2441","山形県","山形市","南一番町"
"2442","山形県","山形市","南二番町"
"2443","山形県","山形市","南三番町"
"2444","山形県","山形市","南四番町"
"0836","山形県","山形市","南石関"
"0879","山形県","山形市","南志戸田"
"2461","山形県","山形市","南館"
"2465","山形県","山形市","南館西"
"2413","山形県","山形市","南原町"
"2306","山形県","山形市","南半郷"
"2312","山形県","山形市","南松原"
"2372","山形県","山形市","みのりが丘"
"2493","山形県","山形市","美畑町"
"2317","山形県","山形市","みはらしの丘"
"0848","山形県","山形市","宮浦"
"0057","山形県","山形市","宮町"
"0011","山形県","山形市","妙見寺"
"2472","山形県","山形市","明神前"
"0054","山形県","山形市","六日町"
"0895","山形県","山形市","向新田"
"2371","山形県","山形市","村木沢"
"2447","山形県","山形市","元木"
"2342","山形県","山形市","門伝"
"2314","山形県","山形市","谷柏"
"0053","山形県","山形市","薬師町"
"2366","山形県","山形市","谷地前"
"0835","山形県","山形市","やよい"
"0006","山形県","山形市","山家本町"
"0063","山形県","山形市","山家町"
"0037","山形県","山形市","八日町"
"0866","山形県","山形市","横井"
"0843","山形県","山形市","横道"
"2383","山形県","山形市","芳沢"
"0074","山形県","山形市","芳野"
"0883","山形県","山形市","吉野宿"
"2451","山形県","山形市","吉原"
"2455","山形県","山形市","吉原南"
"0071","山形県","山形市","流通センター"
"2373","山形県","山形市","若木"
"2495","山形県","山形市","若葉町"
"2453","山形県","山形市","若宮"
"0064","山形県","山形市","和合町"
"0502","山形県","寒河江市","幸生"
"0511","山形県","寒河江市","慈恩寺"
"0505","山形県","寒河江市","白岩"
"0522","山形県","寒河江市","清助新田"
"0524","山形県","寒河江市","高松"
"0503","山形県","寒河江市","田代"
"0561","山形県","寒河江市","中央工業団地"
"0504","山形県","寒河江市","留場"
"0513","山形県","寒河江市","日和田"
"0512","山形県","寒河江市","箕輪"
"0501","山形県","寒河江市","宮内"
"0523","山形県","寒河江市","八鍬"
"0521","山形県","寒河江市","谷沢"
"0525","山形県","寒河江市","米沢"
"0300","山形県","東村山郡山辺町",""
"0311","山形県","東村山郡山辺町","近江"
"0323","山形県","東村山郡山辺町","大塚"
"0331","山形県","東村山郡山辺町","大寺"
"0341","山形県","東村山郡山辺町","大蕨"
"0332","山形県","東村山郡山辺町","北垣"
"0352","山形県","東村山郡山辺町","北作"
"0342","山形県","東村山郡山辺町","北山"
"0303","山形県","東村山郡山辺町","清水"
"0333","山形県","東村山郡山辺町","杉下"
"0321","山形県","東村山郡山辺町","根際"
"0361","山形県","東村山郡山辺町","畑谷"
"0312","山形県","東村山郡山辺町","三河尻"
"0302","山形県","東村山郡山辺町","緑ケ丘"
"0351","山形県","東村山郡山辺町","簗沢"
"0301","山形県","東村山郡山辺町","山辺"
"0322","山形県","東村山郡山辺町","要害"
"0400","山形県","東村山郡中山町",""
"0411","山形県","東村山郡中山町","あおば"
"0402","山形県","東村山郡中山町","いずみ"
"0408","山形県","東村山郡中山町","岡"
"0405","山形県","東村山郡中山町","金沢"
"0409","山形県","東村山郡中山町","小塩"
"0403","山形県","東村山郡中山町","達磨寺"
"0407","山形県","東村山郡中山町","土橋"
"0401","山形県","東村山郡中山町","長崎"
"0404","山形県","東村山郡中山町","向新田"
"0406","山形県","東村山郡中山町","柳沢"
"0700","山形県","西村山郡西川町",""
"0714","山形県","西村山郡西川町","入間"
"0743","山形県","西村山郡西川町","岩根沢"
"0721","山形県","西村山郡西川町","大井沢"
"0702","山形県","西村山郡西川町","海味"
"0734","山形県","西村山郡西川町","志津"
"0732","山形県","西村山郡西川町","砂子関"
"0731","山形県","西村山郡西川町","月岡"
"0733","山形県","西村山郡西川町","月山沢"
"0741","山形県","西村山郡西川町","綱取"
"0713","山形県","西村山郡西川町","沼山"
"0712","山形県","西村山郡西川町","原"
"0735","山形県","西村山郡西川町","本道寺"
"0703","山形県","西村山郡西川町","間沢"
"0742","山形県","西村山郡西川町","水沢"
"0701","山形県","西村山郡西川町","睦合"
"0711","山形県","西村山郡西川町","吉川"
"1400","山形県","西村山郡朝日町",""
"1441","山形県","西村山郡朝日町","新宿"
"1303","山形県","西村山郡朝日町","馬神"
"1306","山形県","西村山郡朝日町","大暮山"
"1431","山形県","西村山郡朝日町","大滝"
"1305","山形県","西村山郡朝日町","大沼"
"1562","山形県","西村山郡朝日町","大船木"
"1304","山形県","西村山郡朝日町","大谷"
"1422","山形県","西村山郡朝日町","送橋"
"1432","山形県","西村山郡朝日町","上郷"
"1571","山形県","西村山郡朝日町","石須部"
"1563","山形県","西村山郡朝日町","今平"
"1444","山形県","西村山郡朝日町","四ノ沢"
"1423","山形県","西村山郡朝日町","下芦沢"
"1574","山形県","西村山郡朝日町","白倉"
"1433","山形県","西村山郡朝日町","杉山"
"1573","山形県","西村山郡朝日町","立木"
"1302","山形県","西村山郡朝日町","玉ノ井"
"1572","山形県","西村山郡朝日町","太郎"
"1552","山形県","西村山郡朝日町","常盤"
"1301","山形県","西村山郡朝日町","中沢"
"1553","山形県","西村山郡朝日町","長沼"
"1421","山形県","西村山郡朝日町","古槇"
"1561","山形県","西村山郡朝日町","松程"
"1424","山形県","西村山郡朝日町","水本"
"1551","山形県","西村山郡朝日町","三中"
"1442","山形県","西村山郡朝日町","宮宿"
"1443","山形県","西村山郡朝日町","雪谷"
"1411","山形県","西村山郡朝日町","和合"
"1412","山形県","西村山郡朝日町","和合平"
"1100","山形県","西村山郡大江町",""
"1101","山形県","西村山郡大江町","左沢"
"1122","山形県","西村山郡大江町","小見"
"1131","山形県","西村山郡大江町","荻野"
"1152","山形県","西村山郡大江町","顔好甲"
"1153","山形県","西村山郡大江町","顔好乙"
"1276","山形県","西村山郡大江町","黒森"
"1141","山形県","西村山郡大江町","小釿"
"1273","山形県","西村山郡大江町","小清"
"1142","山形県","西村山郡大江町","材木"
"1275","山形県","西村山郡大江町","沢口"
"1113","山形県","西村山郡大江町","三郷甲"
"1112","山形県","西村山郡大江町","三郷乙"
"1111","山形県","西村山郡大江町","三郷丙"
"1133","山形県","西村山郡大江町","塩ノ平"
"1144","山形県","西村山郡大江町","十八才甲"
"1145","山形県","西村山郡大江町","十八才乙"
"1271","山形県","西村山郡大江町","月布"
"1132","山形県","西村山郡大江町","堂屋敷"
"1134","山形県","西村山郡大江町","所部"
"1114","山形県","西村山郡大江町","富沢"
"1146","山形県","西村山郡大江町","楢山"
"1272","山形県","西村山郡大江町","貫見"
"1143","山形県","西村山郡大江町","橋上"
"1161","山形県","西村山郡大江町","原田"
"1121","山形県","西村山郡大江町","藤田"
"1154","山形県","西村山郡大江町","本郷甲"
"1151","山形県","西村山郡大江町","本郷乙"
"1164","山形県","西村山郡大江町","本郷丙"
"1163","山形県","西村山郡大江町","本郷丁"
"1165","山形県","西村山郡大江町","本郷戊"
"1162","山形県","西村山郡大江町","本郷己"
"1274","山形県","西村山郡大江町","柳川"
