"1182","岐阜県","岐阜市","秋沢"
"3134","岐阜県","岐阜市","芥見"
"3111","岐阜県","岐阜市","芥見大退"
"3114","岐阜県","岐阜市","芥見大船"
"3136","岐阜県","岐阜市","芥見海戸山"
"3143","岐阜県","岐阜市","芥見影山"
"3135","岐阜県","岐阜市","芥見清水"
"3146","岐阜県","岐阜市","芥見嵯峨"
"3144","岐阜県","岐阜市","芥見大般若"
"3141","岐阜県","岐阜市","芥見中野畑"
"3132","岐阜県","岐阜市","芥見長山"
"3145","岐阜県","岐阜市","芥見野畑"
"3112","岐阜県","岐阜市","芥見東山"
"3147","岐阜県","岐阜市","芥見堀田"
"3116","岐阜県","岐阜市","芥見町屋"
"3133","岐阜県","岐阜市","芥見南山"
"1109","岐阜県","岐阜市","安食"
"1108","岐阜県","岐阜市","安食志良古"
"1106","岐阜県","岐阜市","石谷"
"2535","岐阜県","岐阜市","石原"
"3104","岐阜県","岐阜市","石原"
"1114","岐阜県","岐阜市","今川"
"3101","岐阜県","岐阜市","岩井"
"3102","岐阜県","岐阜市","岩井万場"
"3154","岐阜県","岐阜市","岩田東"
"3156","岐阜県","岐阜市","岩田西"
"3151","岐阜県","岐阜市","岩滝東"
"3152","岐阜県","岐阜市","岩滝西"
"3155","岐阜県","岐阜市","岩田坂"
"1102","岐阜県","岐阜市","岩利"
"0117","岐阜県","岐阜市","江崎"
"0121","岐阜県","岐阜市","江崎北"
"0122","岐阜県","岐阜市","江崎南"
"3108","岐阜県","岐阜市","大蔵台"
"0118","岐阜県","岐阜市","大菅北"
"0119","岐阜県","岐阜市","大菅南"
"3124","岐阜県","岐阜市","大洞"
"3123","岐阜県","岐阜市","大洞柏台"
"3121","岐阜県","岐阜市","大洞桐が丘"
"3127","岐阜県","岐阜市","大洞桜台"
"3125","岐阜県","岐阜市","大洞緑山"
"3122","岐阜県","岐阜市","大洞紅葉が丘"
"3126","岐阜県","岐阜市","大洞西"
"6134","岐阜県","岐阜市","大脇"
"1185","岐阜県","岐阜市","奥"
"1132","岐阜県","岐阜市","折立"
"0111","岐阜県","岐阜市","鏡島"
"0113","岐阜県","岐阜市","鏡島市場"
"0112","岐阜県","岐阜市","鏡島精華"
"0111","岐阜県","岐阜市","鏡島町"
"0124","岐阜県","岐阜市","鏡島中"
"0123","岐阜県","岐阜市","鏡島西"
"0115","岐阜県","岐阜市","鏡島南"
"2521","岐阜県","岐阜市","門屋"
"2528","岐阜県","岐阜市","門屋門"
"2527","岐阜県","岐阜市","門屋勢引"
"2526","岐阜県","岐阜市","門屋野崎"
"2522","岐阜県","岐阜市","門屋溝上"
"3107","岐阜県","岐阜市","加野"
"3115","岐阜県","岐阜市","上芥見"
"1178","岐阜県","岐阜市","上西郷"
"1150","岐阜県","岐阜市","上尻毛"
"1149","岐阜県","岐阜市","上尻毛八幡"
"1148","岐阜県","岐阜市","上尻毛日吉"
"0111","岐阜県","岐阜市","川原畑"
"1151","岐阜県","岐阜市","川部"
"3131","岐阜県","岐阜市","祇園"
"1133","岐阜県","岐阜市","北柿ケ瀬"
"2503","岐阜県","岐阜市","北野阿原"
"2519","岐阜県","岐阜市","北野西山"
"2512","岐阜県","岐阜市","北野東"
"2518","岐阜県","岐阜市","北野西"
"2516","岐阜県","岐阜市","北野南"
"2511","岐阜県","岐阜市","北野北"
"3113","岐阜県","岐阜市","北山"
"1135","岐阜県","岐阜市","木田"
"1131","岐阜県","岐阜市","黒野"
"1136","岐阜県","岐阜市","黒野南"
"0105","岐阜県","岐阜市","河渡"
"1176","岐阜県","岐阜市","小西郷"
"1174","岐阜県","岐阜市","小野"
"1171","岐阜県","岐阜市","御望"
"3117","岐阜県","岐阜市","コモンヒルズ北山"
"1101","岐阜県","岐阜市","佐野"
"3153","岐阜県","岐阜市","静が丘町"
"1147","岐阜県","岐阜市","尻毛"
"1172","岐阜県","岐阜市","下鵜飼"
"1175","岐阜県","岐阜市","下西郷"
"1146","岐阜県","岐阜市","下尻毛"
"3142","岐阜県","岐阜市","諏訪山"
"0101","岐阜県","岐阜市","曽我屋"
"1113","岐阜県","岐阜市","大学西"
"1111","岐阜県","岐阜市","大学北"
"6131","岐阜県","岐阜市","高河原"
"2577","岐阜県","岐阜市","太郎丸"
"2536","岐阜県","岐阜市","太郎丸樫木"
"2574","岐阜県","岐阜市","太郎丸北浦"
"2572","岐阜県","岐阜市","太郎丸北郷"
"2576","岐阜県","岐阜市","太郎丸新屋敷"
"2573","岐阜県","岐阜市","太郎丸諏訪"
"2579","岐阜県","岐阜市","太郎丸知之道"
"2575","岐阜県","岐阜市","太郎丸中島"
"2578","岐阜県","岐阜市","太郎丸野田"
"2571","岐阜県","岐阜市","太郎丸向良"
"6135","岐阜県","岐阜市","茶屋新田"
"2501","岐阜県","岐阜市","出屋敷"
"0104","岐阜県","岐阜市","寺田"
"1186","岐阜県","岐阜市","外山"
"1173","岐阜県","岐阜市","中"
"1177","岐阜県","岐阜市","中西郷"
"2531","岐阜県","岐阜市","中屋東"
"2532","岐阜県","岐阜市","中屋西"
"6132","岐阜県","岐阜市","次木"
"1184","岐阜県","岐阜市","西秋沢"
"1159","岐阜県","岐阜市","西改田"
"1168","岐阜県","岐阜市","西改田上の町"
"1161","岐阜県","岐阜市","西改田川向"
"1163","岐阜県","岐阜市","西改田米野"
"1158","岐阜県","岐阜市","西改田先道"
"1167","岐阜県","岐阜市","西改田夏梅"
"1164","岐阜県","岐阜市","西改田東改田入会地"
"1169","岐阜県","岐阜市","西改田七石"
"1159","岐阜県","岐阜市","西改田松の木"
"1165","岐阜県","岐阜市","西改田宮西"
"1166","岐阜県","岐阜市","西改田村前"
"1162","岐阜県","岐阜市","西改田若宮"
"0106","岐阜県","岐阜市","西河渡"
"1183","岐阜県","岐阜市","則松"
"2525","岐阜県","岐阜市","春近古市場南"
"2524","岐阜県","岐阜市","春近古市場北"
"1141","岐阜県","岐阜市","東板谷"
"1142","岐阜県","岐阜市","東改田"
"1145","岐阜県","岐阜市","東改田腰前田"
"1144","岐阜県","岐阜市","東改田再勝"
"1143","岐阜県","岐阜市","東改田鶴田"
"6133","岐阜県","岐阜市","日置江"
"1105","岐阜県","岐阜市","彦坂"
"1104","岐阜県","岐阜市","彦坂川上"
"1103","岐阜県","岐阜市","彦坂川北"
"0103","岐阜県","岐阜市","一日市場"
"0102","岐阜県","岐阜市","一日市場北町"
"1181","岐阜県","岐阜市","雛倉"
"1116","岐阜県","岐阜市","深坂"
"2565","岐阜県","岐阜市","福富"
"2561","岐阜県","岐阜市","福富笠海道"
"2567","岐阜県","岐阜市","福富町田"
"2566","岐阜県","岐阜市","福富天神前"
"2562","岐阜県","岐阜市","福富出口"
"2564","岐阜県","岐阜市","福富永田"
"2563","岐阜県","岐阜市","福富迎田"
"1121","岐阜県","岐阜市","古市場"
"1122","岐阜県","岐阜市","古市場老ノ上"
"1127","岐阜県","岐阜市","古市場神田"
"1123","岐阜県","岐阜市","古市場高田"
"1126","岐阜県","岐阜市","古市場高宮"
"1124","岐阜県","岐阜市","古市場中原"
"1125","岐阜県","岐阜市","古市場東町田"
"1128","岐阜県","岐阜市","洞"
"1115","岐阜県","岐阜市","交人"
"1152","岐阜県","岐阜市","又丸"
"1153","岐阜県","岐阜市","又丸町畑"
"1156","岐阜県","岐阜市","又丸津島"
"1155","岐阜県","岐阜市","又丸宮東"
"1157","岐阜県","岐阜市","又丸村中"
"1154","岐阜県","岐阜市","又丸柳町"
"2551","岐阜県","岐阜市","溝口"
"2557","岐阜県","岐阜市","溝口上"
"2556","岐阜県","岐阜市","溝口中"
"2555","岐阜県","岐阜市","溝口下"
"2554","岐阜県","岐阜市","溝口童子"
"2553","岐阜県","岐阜市","溝口中野"
"2552","岐阜県","岐阜市","溝口東"
"1134","岐阜県","岐阜市","南柿ケ瀬"
"2513","岐阜県","岐阜市","三輪"
"2514","岐阜県","岐阜市","三輪宮前"
"2515","岐阜県","岐阜市","三輪宮西"
"2517","岐阜県","岐阜市","三輪ぷりんとぴあ"
"3109","岐阜県","岐阜市","向加野"
"1107","岐阜県","岐阜市","村山"
"2523","岐阜県","岐阜市","茂地"
"2533","岐阜県","岐阜市","森東"
"2534","岐阜県","岐阜市","森西"
"6105","岐阜県","岐阜市","柳津町梅松"
"6121","岐阜県","岐阜市","柳津町上佐波"
"6121","岐阜県","岐阜市","柳津町上佐波西"
"6121","岐阜県","岐阜市","柳津町上佐波東"
"6112","岐阜県","岐阜市","柳津町北塚"
"6101","岐阜県","岐阜市","柳津町栄町"
"6121","岐阜県","岐阜市","柳津町佐波"
"6121","岐阜県","岐阜市","柳津町下佐波"
"6121","岐阜県","岐阜市","柳津町下佐波西"
"6122","岐阜県","岐阜市","柳津町高桑"
"6122","岐阜県","岐阜市","柳津町高桑西"
"6122","岐阜県","岐阜市","柳津町高桑東"
"6103","岐阜県","岐阜市","柳津町蓮池"
"6102","岐阜県","岐阜市","柳津町東塚"
"6104","岐阜県","岐阜市","柳津町本郷"
"6115","岐阜県","岐阜市","柳津町丸野"
"6113","岐阜県","岐阜市","柳津町南塚"
"6111","岐阜県","岐阜市","柳津町宮東"
"6123","岐阜県","岐阜市","柳津町流通センター"
"1112","岐阜県","岐阜市","柳戸"
"2504","岐阜県","岐阜市","山県岩"
"2507","岐阜県","岐阜市","山県岩中"
"2508","岐阜県","岐阜市","山県岩明光"
"2505","岐阜県","岐阜市","山県岩東"
"2509","岐阜県","岐阜市","山県岩西"
"2506","岐阜県","岐阜市","山県岩南"
"2502","岐阜県","岐阜市","山県北野"
"2541","岐阜県","岐阜市","世保"
"2542","岐阜県","岐阜市","世保東"
"2544","岐阜県","岐阜市","世保西"
"2543","岐阜県","岐阜市","世保南"
"2545","岐阜県","岐阜市","世保北"
"5421","岐阜県","高山市","荘川町赤谷"
"5413","岐阜県","高山市","荘川町新渕"
"5415","岐阜県","高山市","荘川町一色"
"5423","岐阜県","高山市","荘川町岩瀬"
"5422","岐阜県","高山市","荘川町牛丸"
"5426","岐阜県","高山市","荘川町尾上郷"
"5425","岐阜県","高山市","荘川町海上"
"5404","岐阜県","高山市","荘川町黒谷"
"5414","岐阜県","高山市","荘川町猿丸"
"5402","岐阜県","高山市","荘川町三谷"
"5406","岐阜県","高山市","荘川町惣則"
"5405","岐阜県","高山市","荘川町寺河戸"
"5424","岐阜県","高山市","荘川町中野"
"5412","岐阜県","高山市","荘川町中畑"
"5417","岐阜県","高山市","荘川町野々俣"
"5411","岐阜県","高山市","荘川町牧戸"
"5416","岐阜県","高山市","荘川町町屋"
"5403","岐阜県","高山市","荘川町三尾河"
"5401","岐阜県","高山市","荘川町六厩"
"3200","岐阜県","関市",""
"3851","岐阜県","関市","相生町"
"3978","岐阜県","関市","赤渕"
"3852","岐阜県","関市","上利町"
"3853","岐阜県","関市","朝倉町"
"3829","岐阜県","関市","旭ケ丘"
"3808","岐阜県","関市","安桜台"
"3807","岐阜県","関市","安桜山"
"3845","岐阜県","関市","吾妻町"
"3264","岐阜県","関市","池尻"
"3247","岐阜県","関市","池田町"
"3966","岐阜県","関市","居敷町"
"3841","岐阜県","関市","伊勢町"
"2901","岐阜県","関市","板取"
"3822","岐阜県","関市","市平賀"
"3979","岐阜県","関市","一本木町"
"3932","岐阜県","関市","稲口"
"3913","岐阜県","関市","稲河町"
"3914","岐阜県","関市","鋳物師屋"
"3855","岐阜県","関市","いろは町"
"3951","岐阜県","関市","植野"
"3974","岐阜県","関市","梅ケ枝町"
"3804","岐阜県","関市","円保通"
"3922","岐阜県","関市","大杉"
"3801","岐阜県","関市","大坪"
"3265","岐阜県","関市","小瀬"
"3268","岐阜県","関市","小瀬長池町"
"3266","岐阜県","関市","小瀬南"
"3201","岐阜県","関市","小野"
"3210","岐阜県","関市","尾太町"
"3941","岐阜県","関市","小屋名"
"3214","岐阜県","関市","貸上町"
"3871","岐阜県","関市","鍛冶町"
"3865","岐阜県","関市","春日町"
"3963","岐阜県","関市","片倉町"
"3872","岐阜県","関市","金屋町"
"3862","岐阜県","関市","兼永町"
"3204","岐阜県","関市","上大野"
"3947","岐阜県","関市","上白金"
"3203","岐阜県","関市","神野"
"3601","岐阜県","関市","上之保"
"3877","岐阜県","関市","河合町"
"3235","岐阜県","関市","川間町"
"3835","岐阜県","関市","観音前"
"3806","岐阜県","関市","観音山"
"3917","岐阜県","関市","北天神"
"3245","岐阜県","関市","北福野町"
"3843","岐阜県","関市","吉田町"
"3876","岐阜県","関市","貴船町"
"3942","岐阜県","関市","希望ケ丘"
"3938","岐阜県","関市","桐ヶ丘"
"3934","岐阜県","関市","桐谷台"
"3936","岐阜県","関市","倉知"
"3930","岐阜県","関市","倉知南"
"3207","岐阜県","関市","黒屋"
"3927","岐阜県","関市","向陽台"
"3908","岐阜県","関市","寿町"
"3926","岐阜県","関市","小迫間"
"3861","岐阜県","関市","小柳町"
"3241","岐阜県","関市","西仙房"
"3253","岐阜県","関市","栄町"
"3888","岐阜県","関市","坂下町"
"3903","岐阜県","関市","桜ケ丘"
"3856","岐阜県","関市","桜木町"
"3931","岐阜県","関市","桜台"
"3232","岐阜県","関市","桜本町"
"3252","岐阜県","関市","山王通"
"3251","岐阜県","関市","山王通西"
"3935","岐阜県","関市","四季ノ台"
"3878","岐阜県","関市","十軒町"
"3205","岐阜県","関市","志津野"
"3972","岐阜県","関市","寺内町"
"3977","岐阜県","関市","清水町"
"3217","岐阜県","関市","下有知"
"3955","岐阜県","関市","下白金"
"3521","岐阜県","関市","下之保"
"3259","岐阜県","関市","十三塚北"
"3250","岐阜県","関市","十三塚町"
"3258","岐阜県","関市","十三塚南"
"3965","岐阜県","関市","十六所"
"3868","岐阜県","関市","白川町"
"3257","岐阜県","関市","新田"
"3923","岐阜県","関市","新迫間"
"3909","岐阜県","関市","新堀町"
"3847","岐阜県","関市","新町"
"3905","岐阜県","関市","神明町"
"3848","岐阜県","関市","末広町"
"3846","岐阜県","関市","住吉町"
"3961","岐阜県","関市","清蔵寺"
"3826","岐阜県","関市","関口町"
"3211","岐阜県","関市","関ノ上"
"3866","岐阜県","関市","千年町"
"3954","岐阜県","関市","千疋"
"3953","岐阜県","関市","千疋北"
"3957","岐阜県","関市","側島"
"3952","岐阜県","関市","大平台"
"3833","岐阜県","関市","大平町"
"3834","岐阜県","関市","大門町"
"3964","岐阜県","関市","宝山町"
"3223","岐阜県","関市","竪切南"
"3228","岐阜県","関市","竪切北"
"3255","岐阜県","関市","段下"
"3968","岐阜県","関市","力山"
"3854","岐阜県","関市","月見町"
"3236","岐阜県","関市","辻井戸町"
"3946","岐阜県","関市","津保川台"
"3842","岐阜県","関市","出来町"
"3212","岐阜県","関市","寺田"
"3915","岐阜県","関市","天徳町"
"3939","岐阜県","関市","桃紅大地"
"3824","岐阜県","関市","東新町"
"3206","岐阜県","関市","塔ノ洞"
"3867","岐阜県","関市","常盤町"
"3887","岐阜県","関市","吐月町"
"3958","岐阜県","関市","戸田"
"3501","岐阜県","関市","富之保"
"3863","岐阜県","関市","富本町"
"3916","岐阜県","関市","豊岡町"
"3975","岐阜県","関市","豊川町"
"3511","岐阜県","関市","中之保"
"3243","岐阜県","関市","中福野町"
"3817","岐阜県","関市","仲町"
"3839","岐阜県","関市","長住町"
"3828","岐阜県","関市","西旭ケ丘"
"3967","岐阜県","関市","西居敷"
"3906","岐阜県","関市","西欠ノ下"
"3221","岐阜県","関市","西貸上"
"3202","岐阜県","関市","西神野"
"3233","岐阜県","関市","西木戸町"
"3215","岐阜県","関市","西境松町"
"3928","岐阜県","関市","西田原"
"3882","岐阜県","関市","西日吉町"
"3244","岐阜県","関市","西福野町"
"3803","岐阜県","関市","西本郷通"
"3819","岐阜県","関市","西町"
"3837","岐阜県","関市","西門前町"
"3943","岐阜県","関市","虹ケ丘南"
"3945","岐阜県","関市","虹ケ丘北"
"3219","岐阜県","関市","のぞみケ丘"
"3976","岐阜県","関市","梅竜寺山"
"3924","岐阜県","関市","迫間"
"3925","岐阜県","関市","迫間台"
"3831","岐阜県","関市","長谷寺町"
"3832","岐阜県","関市","花園町"
"3256","岐阜県","関市","巾"
"3969","岐阜県","関市","馬場出"
"3901","岐阜県","関市","春里町"
"3213","岐阜県","関市","東貸上"
"3231","岐阜県","関市","東桜町"
"3218","岐阜県","関市","東志摩"
"3224","岐阜県","関市","東仙房"
"3921","岐阜県","関市","東田原"
"3823","岐阜県","関市","東出町"
"3813","岐阜県","関市","東野町"
"3883","岐阜県","関市","東日吉町"
"3242","岐阜県","関市","東福野町"
"3812","岐阜県","関市","東本郷"
"3811","岐阜県","関市","東本郷通"
"3815","岐阜県","関市","東町"
"3838","岐阜県","関市","東門前町"
"3814","岐阜県","関市","東山"
"3911","岐阜県","関市","肥田瀬"
"3973","岐阜県","関市","一ツ山町"
"3873","岐阜県","関市","日ノ出町"
"3821","岐阜県","関市","平賀町"
"3263","岐阜県","関市","広見"
"3261","岐阜県","関市","広見北町"
"3262","岐阜県","関市","広見東町"
"3971","岐阜県","関市","古屋敷町"
"3919","岐阜県","関市","平成通"
"3874","岐阜県","関市","平和通"
"3956","岐阜県","関市","保明"
"3227","岐阜県","関市","北仙房"
"3267","岐阜県","関市","星ケ丘"
"2807","岐阜県","関市","洞戸阿部"
"2812","岐阜県","関市","洞戸市場"
"2816","岐阜県","関市","洞戸大野"
"2805","岐阜県","関市","洞戸尾倉"
"2809","岐阜県","関市","洞戸小瀬見"
"2811","岐阜県","関市","洞戸片"
"2801","岐阜県","関市","洞戸栗原"
"2815","岐阜県","関市","洞戸黒谷"
"2806","岐阜県","関市","洞戸高賀"
"2808","岐阜県","関市","洞戸高見"
"2817","岐阜県","関市","洞戸小坂"
"2814","岐阜県","関市","洞戸菅谷"
"2802","岐阜県","関市","洞戸通元寺"
"2803","岐阜県","関市","洞戸飛瀬"
"3805","岐阜県","関市","本郷町"
"3886","岐阜県","関市","本町"
"3864","岐阜県","関市","前町"
"3937","岐阜県","関市","前山町"
"3884","岐阜県","関市","孫六町"
"3216","岐阜県","関市","水ノ輪町"
"3836","岐阜県","関市","美園町"
"3246","岐阜県","関市","緑ケ丘"
"3237","岐阜県","関市","緑町"
"3222","岐阜県","関市","南貸上"
"3857","岐阜県","関市","南春日町"
"3225","岐阜県","関市","南仙房"
"3918","岐阜県","関市","南天神"
"3825","岐阜県","関市","南出"
"3907","岐阜県","関市","南町"
"3912","岐阜県","関市","宮河町"
"3827","岐阜県","関市","宮地町"
"3844","岐阜県","関市","美和町"
"3226","岐阜県","関市","向西仙房"
"2605","岐阜県","関市","武芸川町跡部"
"2607","岐阜県","関市","武芸川町宇多院"
"2602","岐阜県","関市","武芸川町小知野"
"2604","岐阜県","関市","武芸川町高野"
"2601","岐阜県","関市","武芸川町谷口"
"2603","岐阜県","関市","武芸川町八幡"
"2606","岐阜県","関市","武芸川町平"
"3933","岐阜県","関市","向山町"
"3904","岐阜県","関市","明生町"
"3881","岐阜県","関市","元重町"
"3875","岐阜県","関市","森西町"
"3962","岐阜県","関市","柳町"
"3944","岐阜県","関市","山田"
"3885","岐阜県","関市","山ノ手"
"3902","岐阜県","関市","弥生町"
"3254","岐阜県","関市","雄飛ケ丘"
"3816","岐阜県","関市","吉野町"
"3818","岐阜県","関市","吉本町"
"3802","岐阜県","関市","若草通"
"3234","岐阜県","関市","若宮町"
"3700","岐阜県","美濃市",""
"3701","岐阜県","美濃市",""
"3723","岐阜県","美濃市","相生町"
"3762","岐阜県","美濃市","藍川"
"3717","岐阜県","美濃市","安毛"
"3756","岐阜県","美濃市","生櫛"
"3729","岐阜県","美濃市","泉町"
"3724","岐阜県","美濃市","魚屋町"
"3715","岐阜県","美濃市","梅山町"
"3786","岐阜県","美濃市","乙狩"
"3771","岐阜県","美濃市","大矢田"
"3772","岐阜県","美濃市","楓台"
"3764","岐阜県","美濃市","笠神"
"3726","岐阜県","美濃市","加治屋町"
"3781","岐阜県","美濃市","片知"
"3702","岐阜県","美濃市","上河和"
"3743","岐阜県","美濃市","上条"
"3787","岐阜県","美濃市","上野"
"3733","岐阜県","美濃市","亀野町"
"3783","岐阜県","美濃市","神洞"
"3712","岐阜県","美濃市","口野々"
"3785","岐阜県","美濃市","小倉"
"3763","岐阜県","美濃市","極楽寺"
"3736","岐阜県","美濃市","米屋町"
"3754","岐阜県","美濃市","さくらケ丘"
"3755","岐阜県","美濃市","志摩"
"3703","岐阜県","美濃市","下河和"
"3745","岐阜県","美濃市","下渡"
"3752","岐阜県","美濃市","松栄町"
"3737","岐阜県","美濃市","新町"
"3706","岐阜県","美濃市","須原"
"3714","岐阜県","美濃市","曽代"
"3705","岐阜県","美濃市","立花"
"3725","岐阜県","美濃市","俵町"
"3744","岐阜県","美濃市","段町"
"3734","岐阜県","美濃市","千畝町"
"3746","岐阜県","美濃市","中央"
"3722","岐阜県","美濃市","常盤町"
"3742","岐阜県","美濃市","殿町"
"3713","岐阜県","美濃市","富野"
"3727","岐阜県","美濃市","永重町"
"3782","岐阜県","美濃市","長瀬"
"3735","岐阜県","美濃市","西市場町"
"3731","岐阜県","美濃市","東市場町"
"3711","岐阜県","美濃市","樋ケ洞"
"3732","岐阜県","美濃市","広岡町"
"3704","岐阜県","美濃市","保木脇"
"3716","岐阜県","美濃市","前野"
"3751","岐阜県","美濃市","松倉台"
"3753","岐阜県","美濃市","松森"
"3784","岐阜県","美濃市","御手洗"
"3741","岐阜県","美濃市","港町"
"3728","岐阜県","美濃市","本住町"
"3773","岐阜県","美濃市","もみじが丘"
"3761","岐阜県","美濃市","横越"
"3721","岐阜県","美濃市","吉川町"
"3788","岐阜県","美濃市","蕨生"
"6200","岐阜県","羽島市",""
"6207","岐阜県","羽島市","足近町"
"6202","岐阜県","羽島市","足近町市場"
"6201","岐阜県","羽島市","足近町北宿"
"6204","岐阜県","羽島市","足近町小荒井"
"6208","岐阜県","羽島市","足近町坂井"
"6209","岐阜県","羽島市","足近町直道"
"6203","岐阜県","羽島市","足近町南宿"
"6205","岐阜県","羽島市","足近町南之川"
"6236","岐阜県","羽島市","江吉良町"
"6238","岐阜県","羽島市","江吉良町江中"
"6237","岐阜県","羽島市","江吉良町江西"
"6239","岐阜県","羽島市","江吉良町江南"
"6273","岐阜県","羽島市","小熊町"
"6272","岐阜県","羽島市","小熊町相田"
"6262","岐阜県","羽島市","小熊町内粟野"
"6263","岐阜県","羽島市","小熊町江頭"
"6266","岐阜県","羽島市","小熊町川口"
"6265","岐阜県","羽島市","小熊町川口前"
"6264","岐阜県","羽島市","小熊町島"
"6253","岐阜県","羽島市","小熊町島新道"
"6252","岐阜県","羽島市","小熊町島前"
"6261","岐阜県","羽島市","小熊町外粟野"
"6267","岐阜県","羽島市","小熊町天王"
"6271","岐阜県","羽島市","小熊町東小熊"
"6274","岐阜県","羽島市","小熊町西小熊"
"6312","岐阜県","羽島市","上中町一色"
"6317","岐阜県","羽島市","上中町午北"
"6318","岐阜県","羽島市","上中町沖"
"6319","岐阜県","羽島市","上中町中"
"6311","岐阜県","羽島市","上中町長間"
"6323","岐阜県","羽島市","桑原町午南"
"6325","岐阜県","羽島市","桑原町大須"
"6324","岐阜県","羽島市","桑原町小薮"
"6327","岐阜県","羽島市","桑原町西小薮"
"6326","岐阜県","羽島市","桑原町東方"
"6328","岐阜県","羽島市","桑原町平太"
"6322","岐阜県","羽島市","桑原町前野"
"6321","岐阜県","羽島市","桑原町八神"
"6315","岐阜県","羽島市","下中町石田"
"6316","岐阜県","羽島市","下中町市之枝"
"6313","岐阜県","羽島市","下中町加賀野井"
"6314","岐阜県","羽島市","下中町城屋敷"
"6206","岐阜県","羽島市","新生町"
"6241","岐阜県","羽島市","竹鼻町"
"6233","岐阜県","羽島市","竹鼻町飯柄"
"6231","岐阜県","羽島市","竹鼻町神楽"
"6232","岐阜県","羽島市","竹鼻町狐穴"
"6234","岐阜県","羽島市","竹鼻町駒塚"
"6242","岐阜県","羽島市","竹鼻町錦町"
"6243","岐阜県","羽島市","竹鼻町西野町"
"6235","岐阜県","羽島市","竹鼻町蜂尻"
"6244","岐阜県","羽島市","竹鼻町丸の内"
"6255","岐阜県","羽島市","福寿町浅平"
"6256","岐阜県","羽島市","福寿町千代田"
"6257","岐阜県","羽島市","福寿町平方"
"6254","岐阜県","羽島市","福寿町本郷"
"6251","岐阜県","羽島市","福寿町間島"
"6302","岐阜県","羽島市","舟橋町"
"6304","岐阜県","羽島市","舟橋町出須賀"
"6303","岐阜県","羽島市","舟橋町本町"
"6301","岐阜県","羽島市","舟橋町宮北"
"6338","岐阜県","羽島市","堀津町須賀中"
"6336","岐阜県","羽島市","堀津町須賀西"
"6335","岐阜県","羽島市","堀津町須賀南"
"6332","岐阜県","羽島市","堀津町須賀北"
"6337","岐阜県","羽島市","堀津町中屋敷"
"6333","岐阜県","羽島市","堀津町東山"
"6334","岐阜県","羽島市","堀津町前谷"
"6331","岐阜県","羽島市","堀津町横手"
"6330","岐阜県","羽島市","堀津町"
"6225","岐阜県","羽島市","正木町新井"
"6224","岐阜県","羽島市","正木町大浦"
"6223","岐阜県","羽島市","正木町大浦新田"
"6212","岐阜県","羽島市","正木町上大浦"
"6229","岐阜県","羽島市","正木町坂丸"
"6216","岐阜県","羽島市","正木町須賀"
"6215","岐阜県","羽島市","正木町須賀赤松"
"6214","岐阜県","羽島市","正木町須賀池端"
"6217","岐阜県","羽島市","正木町須賀小松"
"6218","岐阜県","羽島市","正木町須賀本村"
"6228","岐阜県","羽島市","正木町不破一色"
"6227","岐阜県","羽島市","正木町曲利"
"6213","岐阜県","羽島市","正木町光法寺"
"6226","岐阜県","羽島市","正木町三ツ柳"
"6211","岐阜県","羽島市","正木町南及"
"6221","岐阜県","羽島市","正木町森"
"6222","岐阜県","羽島市","正木町森新田"
"6021","岐阜県","各務原市","川島笠田町"
"6029","岐阜県","各務原市","川島北山町"
"6023","岐阜県","各務原市","川島小網町"
"6025","岐阜県","各務原市","川島河田町"
"6024","岐阜県","各務原市","川島竹早町"
"6022","岐阜県","各務原市","川島松倉町"
"6026","岐阜県","各務原市","川島松原町"
"6027","岐阜県","各務原市","川島緑町"
"6028","岐阜県","各務原市","川島渡町"
"2100","岐阜県","山県市",""
"2252","岐阜県","山県市","相戸"
"2256","岐阜県","山県市","青波"
"2111","岐阜県","山県市","赤尾"
"2102","岐阜県","山県市","伊佐美"
"2259","岐阜県","山県市","岩佐"
"2115","岐阜県","山県市","梅原"
"2302","岐阜県","山県市","円原"
"2101","岐阜県","山県市","大桑"
"2123","岐阜県","山県市","大森"
"2251","岐阜県","山県市","柿野"
"2132","岐阜県","山県市","掛"
"2303","岐阜県","山県市","片原"
"2301","岐阜県","山県市","神崎"
"2331","岐阜県","山県市","葛原"
"2124","岐阜県","山県市","小倉"
"2114","岐阜県","山県市","佐賀"
"2314","岐阜県","山県市","笹賀"
"2312","岐阜県","山県市","佐野"
"2103","岐阜県","山県市","椎倉"
"2133","岐阜県","山県市","上願"
"2121","岐阜県","山県市","大門"
"2113","岐阜県","山県市","高木"
"2105","岐阜県","山県市","高富"
"2315","岐阜県","山県市","田栗"
"2321","岐阜県","山県市","谷合"
"2311","岐阜県","山県市","椿"
"2254","岐阜県","山県市","出戸"
"2313","岐阜県","山県市","徳永"
"2257","岐阜県","山県市","富永"
"2135","岐阜県","山県市","長滝"
"2258","岐阜県","山県市","中洞"
"2112","岐阜県","山県市","西深瀬"
"2104","岐阜県","山県市","東深瀬"
"2253","岐阜県","山県市","日永"
"2131","岐阜県","山県市","平井"
"2122","岐阜県","山県市","藤倉"
"2255","岐阜県","山県市","船越"
"2125","岐阜県","山県市","洞田"
"2134","岐阜県","山県市","松尾"
"0200","岐阜県","瑞穂市",""
"0302","岐阜県","瑞穂市","居倉"
"0224","岐阜県","瑞穂市","稲里"
"0234","岐阜県","瑞穂市","牛牧"
"0306","岐阜県","瑞穂市","大月"
"0307","岐阜県","瑞穂市","唐栗"
"0237","岐阜県","瑞穂市","犀川"
"0311","岐阜県","瑞穂市","重里"
"0313","岐阜県","瑞穂市","十七条"
"0314","岐阜県","瑞穂市","十八条"
"0235","岐阜県","瑞穂市","十九条"
"0225","岐阜県","瑞穂市","祖父江"
"0221","岐阜県","瑞穂市","只越"
"0304","岐阜県","瑞穂市","田之上"
"0323","岐阜県","瑞穂市","中宮"
"0301","岐阜県","瑞穂市","七崎"
"0211","岐阜県","瑞穂市","生津"
"0214","岐阜県","瑞穂市","生津外宮東町"
"0217","岐阜県","瑞穂市","生津外宮前町"
"0212","岐阜県","瑞穂市","生津滝坪町"
"0215","岐阜県","瑞穂市","生津天王東町"
"0216","岐阜県","瑞穂市","生津天王町"
"0213","岐阜県","瑞穂市","生津内宮町"
"0232","岐阜県","瑞穂市","野田新田"
"0231","岐阜県","瑞穂市","野白新田"
"0201","岐阜県","瑞穂市","馬場"
"0206","岐阜県","瑞穂市","馬場北町"
"0205","岐阜県","瑞穂市","馬場小城町"
"0203","岐阜県","瑞穂市","馬場上光町"
"0204","岐阜県","瑞穂市","馬場春雨町"
"0202","岐阜県","瑞穂市","馬場前畑町"
"0322","岐阜県","瑞穂市","古橋"
"0222","岐阜県","瑞穂市","別府"
"0233","岐阜県","瑞穂市","宝江"
"0223","岐阜県","瑞穂市","穂積"
"0236","岐阜県","瑞穂市","本田"
"0312","岐阜県","瑞穂市","美江寺"
"0305","岐阜県","瑞穂市","宮田"
"0303","岐阜県","瑞穂市","森"
"0321","岐阜県","瑞穂市","横屋"
"0324","岐阜県","瑞穂市","呂久"
"0400","岐阜県","本巣市",""
"0475","岐阜県","本巣市","浅木"
"0415","岐阜県","本巣市","有里"
"0410","岐阜県","本巣市","石神"
"0405","岐阜県","本巣市","石原"
"0476","岐阜県","本巣市","海老"
"0414","岐阜県","本巣市","数屋"
"0411","岐阜県","本巣市","上高屋"
"0401","岐阜県","本巣市","上保"
"0461","岐阜県","本巣市","上真桑"
"0465","岐阜県","本巣市","軽海"
"0403","岐阜県","本巣市","北野"
"1232","岐阜県","本巣市","金原"
"0402","岐阜県","本巣市","郡府"
"1235","岐阜県","本巣市","神海"
"0463","岐阜県","本巣市","小柿"
"0474","岐阜県","本巣市","国領"
"1234","岐阜県","本巣市","木知原"
"1236","岐阜県","本巣市","佐原"
"0418","岐阜県","本巣市","七五三"
"0472","岐阜県","本巣市","下福島"
"0466","岐阜県","本巣市","下真桑"
"0464","岐阜県","本巣市","十四条"
"0416","岐阜県","本巣市","随原"
"1205","岐阜県","本巣市","曽井中島"
"0462","岐阜県","本巣市","宗慶"
"1233","岐阜県","本巣市","外山"
"0412","岐阜県","本巣市","長屋"
"1236","岐阜県","本巣市","鍋原"
"0473","岐阜県","本巣市","温井"
"1524","岐阜県","本巣市","根尾板所"
"1521","岐阜県","本巣市","根尾市場"
"1525","岐阜県","本巣市","根尾今村"
"1527","岐阜県","本巣市","根尾宇津志"
"1535","岐阜県","本巣市","根尾大井"
"1507","岐阜県","本巣市","根尾大河原"
"1514","岐阜県","本巣市","根尾奥谷"
"1518","岐阜県","本巣市","根尾小鹿"
"1532","岐阜県","本巣市","根尾越卒"
"1501","岐阜県","本巣市","根尾越波"
"1531","岐阜県","本巣市","根尾門脇"
"1511","岐阜県","本巣市","根尾上大須"
"1523","岐阜県","本巣市","根尾川原"
"1515","岐阜県","本巣市","根尾口谷"
"1502","岐阜県","本巣市","根尾黒津"
"1534","岐阜県","本巣市","根尾神所"
"1512","岐阜県","本巣市","根尾下大須"
"1528","岐阜県","本巣市","根尾高尾"
"1522","岐阜県","本巣市","根尾樽見"
"1504","岐阜県","本巣市","根尾天神堂"
"1533","岐阜県","本巣市","根尾中"
"1505","岐阜県","本巣市","根尾長島"
"1503","岐阜県","本巣市","根尾長嶺"
"1517","岐阜県","本巣市","根尾西板屋"
"1506","岐阜県","本巣市","根尾能郷"
"1516","岐阜県","本巣市","根尾東板屋"
"1526","岐阜県","本巣市","根尾平野"
"1513","岐阜県","本巣市","根尾松田"
"1529","岐阜県","本巣市","根尾水鳥"
"1536","岐阜県","本巣市","根尾八谷"
"0419","岐阜県","本巣市","早野"
"0404","岐阜県","本巣市","春近"
"1231","岐阜県","本巣市","日当"
"0407","岐阜県","本巣市","仏生寺"
"1203","岐阜県","本巣市","宝珠ハイツ"
"1202","岐阜県","本巣市","法林寺"
"0471","岐阜県","本巣市","政田"
"0406","岐阜県","本巣市","三橋"
"0413","岐阜県","本巣市","見延"
"1203","岐阜県","本巣市","文殊"
"0417","岐阜県","本巣市","屋井"
"1201","岐阜県","本巣市","山口"
"4200","岐阜県","郡上市",""
"5111","岐阜県","郡上市","白鳥町阿多岐"
"5231","岐阜県","郡上市","白鳥町石徹白"
"5124","岐阜県","郡上市","白鳥町大島"
"5115","岐阜県","郡上市","白鳥町恩地"
"5125","岐阜県","郡上市","白鳥町越佐"
"5121","岐阜県","郡上市","白鳥町白鳥"
"5122","岐阜県","郡上市","白鳥町為真"
"5104","岐阜県","郡上市","白鳥町長滝"
"5123","岐阜県","郡上市","白鳥町中津屋"
"5116","岐阜県","郡上市","白鳥町中西"
"5114","岐阜県","郡上市","白鳥町那留"
"5113","岐阜県","郡上市","白鳥町野添"
"5105","岐阜県","郡上市","白鳥町干田野"
"5103","岐阜県","郡上市","白鳥町二日町"
"5102","岐阜県","郡上市","白鳥町歩岐島"
"5101","岐阜県","郡上市","白鳥町前谷"
"5126","岐阜県","郡上市","白鳥町向小駄良"
"5112","岐阜県","郡上市","白鳥町六ノ里"
"5304","岐阜県","郡上市","高鷲町鮎立"
"5303","岐阜県","郡上市","高鷲町大鷲"
"5304","岐阜県","郡上市","高鷲町切立"
"5305","岐阜県","郡上市","高鷲町西洞"
"5301","岐阜県","郡上市","高鷲町ひるがの"
"5302","岐阜県","郡上市","高鷲町鷲見"
"5302","岐阜県","郡上市","高鷲町鷲見上野"
"4236","岐阜県","郡上市","八幡町相生"
"4205","岐阜県","郡上市","八幡町安久田"
"4204","岐阜県","郡上市","八幡町旭"
"4235","岐阜県","郡上市","八幡町有坂"
"4201","岐阜県","郡上市","八幡町有穂"
"4202","岐阜県","郡上市","八幡町市島"
"4223","岐阜県","郡上市","八幡町稲成"
"4451","岐阜県","郡上市","八幡町入間"
"4219","岐阜県","郡上市","八幡町大手町"
"4217","岐阜県","郡上市","八幡町尾崎町"
"4455","岐阜県","郡上市","八幡町小那比"
"4221","岐阜県","郡上市","八幡町小野"
"4231","岐阜県","郡上市","八幡町河鹿"
"4218","岐阜県","郡上市","八幡町鍛冶屋町"
"4234","岐阜県","郡上市","八幡町五町"
"4215","岐阜県","郡上市","八幡町肴町"
"4228","岐阜県","郡上市","八幡町桜町"
"4238","岐阜県","郡上市","八幡町島"
"4222","岐阜県","郡上市","八幡町島谷"
"4224","岐阜県","郡上市","八幡町城南町"
"4212","岐阜県","郡上市","八幡町職人町"
"4203","岐阜県","郡上市","八幡町初納"
"4226","岐阜県","郡上市","八幡町新町"
"4453","岐阜県","郡上市","八幡町洲河"
"4233","岐阜県","郡上市","八幡町瀬取"
"4225","岐阜県","郡上市","八幡町大正町"
"4213","岐阜県","郡上市","八幡町殿町"
"4211","岐阜県","郡上市","八幡町中坪"
"4237","岐阜県","郡上市","八幡町那比"
"4207","岐阜県","郡上市","八幡町西乙原"
"4454","岐阜県","郡上市","八幡町野々倉"
"4227","岐阜県","郡上市","八幡町橋本町"
"4232","岐阜県","郡上市","八幡町初音"
"4216","岐阜県","郡上市","八幡町本町"
"4452","岐阜県","郡上市","八幡町美山"
"4241","岐阜県","郡上市","八幡町向山"
"4214","岐阜県","郡上市","八幡町柳町"
"4206","岐阜県","郡上市","八幡町吉野"
"4104","岐阜県","郡上市","美並町梅原"
"4107","岐阜県","郡上市","美並町大原"
"4101","岐阜県","郡上市","美並町上田"
"4102","岐阜県","郡上市","美並町高砂"
"4106","岐阜県","郡上市","美並町白山"
"4105","岐阜県","郡上市","美並町三戸"
"4103","岐阜県","郡上市","美並町山田"
"4301","岐阜県","郡上市","明宝大谷"
"4305","岐阜県","郡上市","明宝小川"
"4304","岐阜県","郡上市","明宝奥住"
"4302","岐阜県","郡上市","明宝寒水"
"4303","岐阜県","郡上市","明宝気良"
"4306","岐阜県","郡上市","明宝畑佐"
"4307","岐阜県","郡上市","明宝二間手"
"4618","岐阜県","郡上市","大和町内ケ谷"
"4601","岐阜県","郡上市","大和町大間見"
"4619","岐阜県","郡上市","大和町落部"
"4606","岐阜県","郡上市","大和町河辺"
"4605","岐阜県","郡上市","大和町神路"
"4603","岐阜県","郡上市","大和町栗巣"
"4602","岐阜県","郡上市","大和町小間見"
"4610","岐阜県","郡上市","大和町島"
"4612","岐阜県","郡上市","大和町剣"
"4607","岐阜県","郡上市","大和町徳永"
"4613","岐阜県","郡上市","大和町名皿部"
"4614","岐阜県","郡上市","大和町野口"
"4615","岐阜県","郡上市","大和町場皿"
"4616","岐阜県","郡上市","大和町福田"
"4604","岐阜県","郡上市","大和町古道"
"4617","岐阜県","郡上市","大和町洞口"
"4608","岐阜県","郡上市","大和町牧"
"4611","岐阜県","郡上市","大和町万場"
"4514","岐阜県","郡上市","和良町安郷野"
"4501","岐阜県","郡上市","和良町鹿倉"
"4508","岐阜県","郡上市","和良町上沢"
"4512","岐阜県","郡上市","和良町上土京"
"4517","岐阜県","郡上市","和良町沢"
"4509","岐阜県","郡上市","和良町下沢"
"4513","岐阜県","郡上市","和良町下土京"
"4511","岐阜県","郡上市","和良町下洞"
"4504","岐阜県","郡上市","和良町田平"
"4518","岐阜県","郡上市","和良町土京"
"4503","岐阜県","郡上市","和良町野尻"
"4505","岐阜県","郡上市","和良町東野"
"4515","岐阜県","郡上市","和良町方須"
"4510","岐阜県","郡上市","和良町法師丸"
"4516","岐阜県","郡上市","和良町三庫"
"4507","岐阜県","郡上市","和良町宮地"
"4502","岐阜県","郡上市","和良町宮代"
"4506","岐阜県","郡上市","和良町横野"
"6100","岐阜県","羽島郡岐南町",""
"6015","岐阜県","羽島郡岐南町","石原瀬"
"6001","岐阜県","羽島郡岐南町","上印食"
"6018","岐阜県","羽島郡岐南町","下印食"
"6016","岐阜県","羽島郡岐南町","徳田"
"6017","岐阜県","羽島郡岐南町","徳田西"
"6004","岐阜県","羽島郡岐南町","野中"
"6006","岐阜県","羽島郡岐南町","伏屋"
"6003","岐阜県","羽島郡岐南町","平島"
"6013","岐阜県","羽島郡岐南町","平成"
"6002","岐阜県","羽島郡岐南町","三宅"
"6019","岐阜県","羽島郡岐南町","みやまち"
"6014","岐阜県","羽島郡岐南町","薬師寺"
"6012","岐阜県","羽島郡岐南町","八剣"
"6011","岐阜県","羽島郡岐南町","八剣北"
"6005","岐阜県","羽島郡岐南町","若宮地"
"6100","岐阜県","羽島郡笠松町",""
"6044","岐阜県","羽島郡笠松町","相生町"
"6056","岐阜県","羽島郡笠松町","朝日町"
"6061","岐阜県","羽島郡笠松町","泉町"
"6032","岐阜県","羽島郡笠松町","江川"
"6035","岐阜県","羽島郡笠松町","円城寺"
"6087","岐阜県","羽島郡笠松町","大池町"
"6082","岐阜県","羽島郡笠松町","春日町"
"6065","岐阜県","羽島郡笠松町","門間"
"6071","岐阜県","羽島郡笠松町","上新町"
"6051","岐阜県","羽島郡笠松町","上本町"
"6058","岐阜県","羽島郡笠松町","上柳川町"
"6084","岐阜県","羽島郡笠松町","如月町"
"6064","岐阜県","羽島郡笠松町","北及"
"6086","岐阜県","羽島郡笠松町","清住町"
"6043","岐阜県","羽島郡笠松町","県町"
"6031","岐阜県","羽島郡笠松町","米野"
"6098","岐阜県","羽島郡笠松町","桜町"
"6073","岐阜県","羽島郡笠松町","下新町"
"6052","岐阜県","羽島郡笠松町","下本町"
"6057","岐阜県","羽島郡笠松町","下柳川町"
"6091","岐阜県","羽島郡笠松町","松栄町"
"6074","岐阜県","羽島郡笠松町","新町"
"6045","岐阜県","羽島郡笠松町","司町"
"6092","岐阜県","羽島郡笠松町","月美町"
"6062","岐阜県","羽島郡笠松町","田代"
"6077","岐阜県","羽島郡笠松町","天王町"
"6081","岐阜県","羽島郡笠松町","東陽町"
"6083","岐阜県","羽島郡笠松町","常盤町"
"6095","岐阜県","羽島郡笠松町","中川町"
"6072","岐阜県","羽島郡笠松町","中新町"
"6034","岐阜県","羽島郡笠松町","中野"
"6063","岐阜県","羽島郡笠松町","長池"
"6041","岐阜県","羽島郡笠松町","奈良町"
"6037","岐阜県","羽島郡笠松町","西金池町"
"6055","岐阜県","羽島郡笠松町","西町"
"6075","岐阜県","羽島郡笠松町","西宮町"
"6094","岐阜県","羽島郡笠松町","羽衣町"
"6042","岐阜県","羽島郡笠松町","八幡町"
"6038","岐阜県","羽島郡笠松町","東金池町"
"6059","岐阜県","羽島郡笠松町","東宮町"
"6097","岐阜県","羽島郡笠松町","瓢町"
"6047","岐阜県","羽島郡笠松町","二見町"
"6088","岐阜県","羽島郡笠松町","美笠通"
"6093","岐阜県","羽島郡笠松町","緑町"
"6053","岐阜県","羽島郡笠松町","港町"
"6046","岐阜県","羽島郡笠松町","宮川町"
"6033","岐阜県","羽島郡笠松町","無動寺"
"6076","岐阜県","羽島郡笠松町","門前町"
"6054","岐阜県","羽島郡笠松町","柳原町"
"6085","岐阜県","羽島郡笠松町","弥生町"
"6096","岐阜県","羽島郡笠松町","友楽町"
"6036","岐阜県","羽島郡笠松町","若葉町"
"0600","岐阜県","揖斐郡揖斐川町",""
"0627","岐阜県","揖斐郡揖斐川町","市場"
"0634","岐阜県","揖斐郡揖斐川町","上野"
"0624","岐阜県","揖斐郡揖斐川町","岡"
"0701","岐阜県","揖斐郡揖斐川町","小津"
"0703","岐阜県","揖斐郡揖斐川町","乙原"
"0612","岐阜県","揖斐郡揖斐川町","小野"
"0815","岐阜県","揖斐郡揖斐川町","開田"
"0708","岐阜県","揖斐郡揖斐川町","樫原"
"0607","岐阜県","揖斐郡揖斐川町","桂"
"0817","岐阜県","揖斐郡揖斐川町","門入"
"0631","岐阜県","揖斐郡揖斐川町","上岡島"
"0618","岐阜県","揖斐郡揖斐川町","上ミ野"
"0632","岐阜県","揖斐郡揖斐川町","上東野"
"0603","岐阜県","揖斐郡揖斐川町","上南方"
"0601","岐阜県","揖斐郡揖斐川町","北方"
"0615","岐阜県","揖斐郡揖斐川町","清水"
"0625","岐阜県","揖斐郡揖斐川町","黒田"
"0605","岐阜県","揖斐郡揖斐川町","極楽寺"
"0633","岐阜県","揖斐郡揖斐川町","小島"
"0611","岐阜県","揖斐郡揖斐川町","小谷"
"0901","岐阜県","揖斐郡揖斐川町","坂内川上"
"0903","岐阜県","揖斐郡揖斐川町","坂内坂本"
"0902","岐阜県","揖斐郡揖斐川町","坂内広瀬"
"0613","岐阜県","揖斐郡揖斐川町","志津山"
"0617","岐阜県","揖斐郡揖斐川町","島"
"0621","岐阜県","揖斐郡揖斐川町","下岡島"
"0635","岐阜県","揖斐郡揖斐川町","白樫"
"0628","岐阜県","揖斐郡揖斐川町","新宮"
"0626","岐阜県","揖斐郡揖斐川町","瑞岩寺"
"0604","岐阜県","揖斐郡揖斐川町","大光寺"
"1315","岐阜県","揖斐郡揖斐川町","谷汲有鳥"
"1312","岐阜県","揖斐郡揖斐川町","谷汲大洞"
"1317","岐阜県","揖斐郡揖斐川町","谷汲神原"
"1316","岐阜県","揖斐郡揖斐川町","谷汲木曽屋"
"1302","岐阜県","揖斐郡揖斐川町","谷汲岐礼"
"1301","岐阜県","揖斐郡揖斐川町","谷汲高科"
"1311","岐阜県","揖斐郡揖斐川町","谷汲徳積"
"1303","岐阜県","揖斐郡揖斐川町","谷汲長瀬"
"1314","岐阜県","揖斐郡揖斐川町","谷汲名礼"
"1313","岐阜県","揖斐郡揖斐川町","谷汲深坂"
"0811","岐阜県","揖斐郡揖斐川町","塚"
"0802","岐阜県","揖斐郡揖斐川町","鶴見"
"0814","岐阜県","揖斐郡揖斐川町","徳山"
"0705","岐阜県","揖斐郡揖斐川町","外津汲"
"0816","岐阜県","揖斐郡揖斐川町","戸入"
"0614","岐阜県","揖斐郡揖斐川町","長良"
"0706","岐阜県","揖斐郡揖斐川町","西津汲"
"0805","岐阜県","揖斐郡揖斐川町","西横山"
"0622","岐阜県","揖斐郡揖斐川町","脛永"
"0812","岐阜県","揖斐郡揖斐川町","櫨原"
"0803","岐阜県","揖斐郡揖斐川町","東杉原"
"0702","岐阜県","揖斐郡揖斐川町","東津汲"
"0804","岐阜県","揖斐郡揖斐川町","東横山"
"0707","岐阜県","揖斐郡揖斐川町","日坂"
"0616","岐阜県","揖斐郡揖斐川町","福島"
"0606","岐阜県","揖斐郡揖斐川町","房島"
"0704","岐阜県","揖斐郡揖斐川町","三倉"
"0619","岐阜県","揖斐郡揖斐川町","三輪"
"0813","岐阜県","揖斐郡揖斐川町","山手"
"0602","岐阜県","揖斐郡揖斐川町","若松"
"0623","岐阜県","揖斐郡揖斐川町","和田"
"0500","岐阜県","揖斐郡大野町",""
"0522","岐阜県","揖斐郡大野町","相羽"
"0564","岐阜県","揖斐郡大野町","麻生"
"0501","岐阜県","揖斐郡大野町","稲富"
"0511","岐阜県","揖斐郡大野町","稲畑"
"0561","岐阜県","揖斐郡大野町","牛洞"
"0552","岐阜県","揖斐郡大野町","大衣斐"
"0513","岐阜県","揖斐郡大野町","大野"
"0535","岐阜県","揖斐郡大野町","加納"
"0531","岐阜県","揖斐郡大野町","上磯"
"0512","岐阜県","揖斐郡大野町","上秋"
"0524","岐阜県","揖斐郡大野町","郡家"
"0555","岐阜県","揖斐郡大野町","公郷"
"0521","岐阜県","揖斐郡大野町","黒野"
"0551","岐阜県","揖斐郡大野町","小衣斐"
"0554","岐阜県","揖斐郡大野町","五之里"
"0515","岐阜県","揖斐郡大野町","桜大門"
"0503","岐阜県","揖斐郡大野町","寺内"
"0532","岐阜県","揖斐郡大野町","下磯"
"0523","岐阜県","揖斐郡大野町","下方"
"0534","岐阜県","揖斐郡大野町","下座倉"
"0563","岐阜県","揖斐郡大野町","瀬古"
"0565","岐阜県","揖斐郡大野町","中之元"
"0514","岐阜県","揖斐郡大野町","西方"
"0504","岐阜県","揖斐郡大野町","野"
"0502","岐阜県","揖斐郡大野町","古川"
"0533","岐阜県","揖斐郡大野町","本庄"
"0562","岐阜県","揖斐郡大野町","松山"
"0553","岐阜県","揖斐郡大野町","南方"
"0556","岐阜県","揖斐郡大野町","領家"
"0525","岐阜県","揖斐郡大野町","六里"
"0400","岐阜県","本巣郡北方町",""
"0424","岐阜県","本巣郡北方町","朝日町"
"0432","岐阜県","本巣郡北方町","一本松"
"0425","岐阜県","本巣郡北方町","加茂"
"0431","岐阜県","本巣郡北方町","北方"
"0434","岐阜県","本巣郡北方町","小柳"
"0427","岐阜県","本巣郡北方町","栄町"
"0422","岐阜県","本巣郡北方町","芝原中町"
"0423","岐阜県","本巣郡北方町","芝原東町"
"0421","岐阜県","本巣郡北方町","芝原西町"
"0437","岐阜県","本巣郡北方町","清水"
"0441","岐阜県","本巣郡北方町","曲路"
"0442","岐阜県","本巣郡北方町","曲路東"
"0458","岐阜県","本巣郡北方町","高屋"
"0452","岐阜県","本巣郡北方町","高屋石末"
"0455","岐阜県","本巣郡北方町","高屋伊勢田"
"0454","岐阜県","本巣郡北方町","高屋白木"
"0456","岐阜県","本巣郡北方町","高屋条里"
"0457","岐阜県","本巣郡北方町","高屋太子"
"0451","岐阜県","本巣郡北方町","高屋勅使"
"0453","岐阜県","本巣郡北方町","高屋分木"
"0433","岐阜県","本巣郡北方町","天狗堂"
"0446","岐阜県","本巣郡北方町","柱本"
"0443","岐阜県","本巣郡北方町","柱本池之頭"
"0444","岐阜県","本巣郡北方町","柱本白坪"
"0445","岐阜県","本巣郡北方町","柱本南"
"0439","岐阜県","本巣郡北方町","長谷川"
"0436","岐阜県","本巣郡北方町","長谷川西"
"0435","岐阜県","本巣郡北方町","春来町"
"0426","岐阜県","本巣郡北方町","東加茂"
"0438","岐阜県","本巣郡北方町","平成"
"0428","岐阜県","本巣郡北方町","若宮"
"3300","岐阜県","加茂郡富加町",""
"3307","岐阜県","加茂郡富加町","大平賀"
"3306","岐阜県","加茂郡富加町","大山"
"3301","岐阜県","加茂郡富加町","加治田"
"3304","岐阜県","加茂郡富加町","高畑"
"3305","岐阜県","加茂郡富加町","滝田"
"3303","岐阜県","加茂郡富加町","羽生"
"3302","岐阜県","加茂郡富加町","夕田"
"5600","岐阜県","大野郡白川村",""
"5622","岐阜県","大野郡白川村","芦倉"
"5625","岐阜県","大野郡白川村","飯島"
"5624","岐阜県","大野郡白川村","有家ケ原"
"5628","岐阜県","大野郡白川村","大牧"
"5627","岐阜県","大野郡白川村","荻町"
"5502","岐阜県","大野郡白川村","木谷"
"5621","岐阜県","大野郡白川村","小白川"
"5626","岐阜県","大野郡白川村","島"
"5623","岐阜県","大野郡白川村","椿原"
"5503","岐阜県","大野郡白川村","長瀬"
"5629","岐阜県","大野郡白川村","鳩谷"
"5507","岐阜県","大野郡白川村","平瀬"
"5504","岐阜県","大野郡白川村","福島"
"5501","岐阜県","大野郡白川村","保木脇"
"5620","岐阜県","大野郡白川村","馬狩"
"5505","岐阜県","大野郡白川村","牧"
"5506","岐阜県","大野郡白川村","御母衣"
